ISO-10303-21;
HEADER;
FILE_DESCRIPTION (( 'STEP AP203' ),
    '1' );
FILE_NAME ('Box.STEP',
    '2026-04-20T01:34:58',
    ( '' ),
    ( '' ),
    'SwSTEP 2.0',
    'SolidWorks 2025',
    '' );
FILE_SCHEMA (( 'CONFIG_CONTROL_DESIGN' ));
ENDSEC;

DATA;
#1 = ORIENTED_EDGE ( 'NONE', *, *, #1400, .T. ) ;
#2 = CARTESIAN_POINT ( 'NONE',  ( 3.875000000000000444, 0.1250000000000004441, 3.875000000000000000 ) ) ;
#3 = EDGE_CURVE ( 'NONE', #49, #46, #1458, .T. ) ;
#4 = AXIS2_PLACEMENT_3D ( 'NONE', #1303, #1074, #814 ) ;
#5 = ORIENTED_EDGE ( 'NONE', *, *, #1432, .T. ) ;
#6 = DIRECTION ( 'NONE',  ( 0.000000000000000000, 0.000000000000000000, -1.000000000000000000 ) ) ;
#7 = VECTOR ( 'NONE', #1622, 39.37007874015748143 ) ;
#8 = VECTOR ( 'NONE', #1014, 39.37007874015748143 ) ;
#9 = ORIENTED_EDGE ( 'NONE', *, *, #851, .T. ) ;
#10 = EDGE_CURVE ( 'NONE', #915, #961, #417, .T. ) ;
#11 = DIRECTION ( 'NONE',  ( -0.000000000000000000, -1.000000000000000000, -0.000000000000000000 ) ) ;
#12 = EDGE_LOOP ( 'NONE', ( #1340, #251, #618, #152 ) ) ;
#13 = FACE_OUTER_BOUND ( 'NONE', #496, .T. ) ;
#14 = ORIENTED_EDGE ( 'NONE', *, *, #1498, .F. ) ;
#15 = DIRECTION ( 'NONE',  ( 0.000000000000000000, 0.000000000000000000, 1.000000000000000000 ) ) ;
#16 = DIRECTION ( 'NONE',  ( -0.000000000000000000, -0.000000000000000000, -1.000000000000000000 ) ) ;
#17 = VERTEX_POINT ( 'NONE', #1545 ) ;
#18 = PLANE ( 'NONE',  #831 ) ;
#19 = ORIENTED_EDGE ( 'NONE', *, *, #1473, .T. ) ;
#20 = CARTESIAN_POINT ( 'NONE',  ( 4.000039370078740220, 1.312499999999990230, 2.375000000000000000 ) ) ;
#21 = EDGE_CURVE ( 'NONE', #17, #1556, #37, .T. ) ;
#22 = ORIENTED_EDGE ( 'NONE', *, *, #909, .F. ) ;
#23 = LINE ( 'NONE', #679, #1277 ) ;
#24 = DIRECTION ( 'NONE',  ( -0.000000000000000000, 9.106159978880877395E-17, 1.000000000000000000 ) ) ;
#25 = CIRCLE ( 'NONE', #877, 0.1875000000000077716 ) ;
#26 = CARTESIAN_POINT ( 'NONE',  ( 4.000000000000000000, 0.4999999999999805156, 1.250000000000003331 ) ) ;
#27 = PLANE ( 'NONE',  #485 ) ;
#28 = ORIENTED_EDGE ( 'NONE', *, *, #1603, .T. ) ;
#29 = ADVANCED_FACE ( 'NONE', ( #1304 ), #1394, .T. ) ;
#30 = FACE_BOUND ( 'NONE', #154, .T. ) ;
#31 = VECTOR ( 'NONE', #156, 39.37007874015748143 ) ;
#32 = EDGE_CURVE ( 'NONE', #1278, #924, #409, .T. ) ;
#33 = EDGE_LOOP ( 'NONE', ( #1598, #1442, #136, #249 ) ) ;
#34 = AXIS2_PLACEMENT_3D ( 'NONE', #785, #400, #1015 ) ;
#35 = CARTESIAN_POINT ( 'NONE',  ( 4.000039370078740220, 1.312499999999998890, 1.125000000000000000 ) ) ;
#36 = LINE ( 'NONE', #513, #8 ) ;
#37 = LINE ( 'NONE', #1554, #64 ) ;
#38 = FACE_OUTER_BOUND ( 'NONE', #12, .T. ) ;
#39 = ORIENTED_EDGE ( 'NONE', *, *, #1182, .F. ) ;
#40 = CARTESIAN_POINT ( 'NONE',  ( -3.874999999999999556, 1.687499999999991118, -1.375000000000000000 ) ) ;
#41 = ADVANCED_FACE ( 'NONE', ( #176 ), #514, .F. ) ;
#42 = ORIENTED_EDGE ( 'NONE', *, *, #1605, .F. ) ;
#43 = ADVANCED_FACE ( 'NONE', ( #1285 ), #1520, .F. ) ;
#44 = DIRECTION ( 'NONE',  ( -1.000000000000000000, -0.000000000000000000, -0.000000000000000000 ) ) ;
#45 = DIRECTION ( 'NONE',  ( -0.000000000000000000, -0.000000000000000000, -1.000000000000000000 ) ) ;
#46 = VERTEX_POINT ( 'NONE', #139 ) ;
#47 = LINE ( 'NONE', #158, #61 ) ;
#48 = CIRCLE ( 'NONE', #1120, 0.1875000000000077716 ) ;
#49 = VERTEX_POINT ( 'NONE', #521 ) ;
#50 = CARTESIAN_POINT ( 'NONE',  ( 4.000000000000000000, 3.000000000000000444, 4.000000000000000000 ) ) ;
#51 = VERTEX_POINT ( 'NONE', #1022 ) ;
#52 = FACE_BOUND ( 'NONE', #104, .T. ) ;
#53 = LINE ( 'NONE', #834, #929 ) ;
#54 = CARTESIAN_POINT ( 'NONE',  ( 4.000039370078740220, 1.312499999999998890, 1.125000000000000000 ) ) ;
#55 = CARTESIAN_POINT ( 'NONE',  ( 0.000000000000000000, 1.500000000000000666, -4.000000000000000000 ) ) ;
#56 = ADVANCED_FACE ( 'NONE', ( #1527 ), #902, .F. ) ;
#57 = EDGE_LOOP ( 'NONE', ( #713, #268, #949, #28 ) ) ;
#58 = AXIS2_PLACEMENT_3D ( 'NONE', #860, #1360, #738 ) ;
#59 = CARTESIAN_POINT ( 'NONE',  ( 4.000000472440944144, 0.4999999999999805156, 1.062499999999995559 ) ) ;
#60 = ORIENTED_EDGE ( 'NONE', *, *, #1551, .F. ) ;
#61 = VECTOR ( 'NONE', #169, 39.37007874015748143 ) ;
#62 = CARTESIAN_POINT ( 'NONE',  ( -3.874999999999999556, 1.312499999999991340, -1.375000000000000000 ) ) ;
#63 = CARTESIAN_POINT ( 'NONE',  ( 4.000000000000000000, 3.000000000000000444, 4.000000000000000000 ) ) ;
#64 = VECTOR ( 'NONE', #425, 39.37007874015748143 ) ;
#65 = EDGE_CURVE ( 'NONE', #1081, #106, #1315, .T. ) ;
#66 = EDGE_CURVE ( 'NONE', #1591, #596, #1198, .T. ) ;
#67 = LINE ( 'NONE', #1562, #397 ) ;
#68 = DIRECTION ( 'NONE',  ( 0.000000000000000000, -0.000000000000000000, 1.000000000000000000 ) ) ;
#69 = VERTEX_POINT ( 'NONE', #1335 ) ;
#70 = DIRECTION ( 'NONE',  ( -1.000000000000000000, -0.000000000000000000, -0.000000000000000000 ) ) ;
#71 = ORIENTED_EDGE ( 'NONE', *, *, #975, .T. ) ;
#72 =( CONVERSION_BASED_UNIT ( 'INCH', #1073 ) LENGTH_UNIT ( ) NAMED_UNIT ( #431 ) );
#73 = CARTESIAN_POINT ( 'NONE',  ( 4.000039370078740220, 1.687500000000000000, -1.125000000000000000 ) ) ;
#74 = CARTESIAN_POINT ( 'NONE',  ( 4.000000000000000000, 3.000000000000000444, -4.000000000000000000 ) ) ;
#75 = APPROVAL_PERSON_ORGANIZATION ( #589, #869, #725 ) ;
#76 = DIRECTION ( 'NONE',  ( 0.000000000000000000, -1.000000000000000000, 0.000000000000000000 ) ) ;
#77 = ORIENTED_EDGE ( 'NONE', *, *, #229, .F. ) ;
#78 = CARTESIAN_POINT ( 'NONE',  ( 3.875000000000000444, 0.4999999999999805156, 2.750000000000003109 ) ) ;
#79 = ORIENTED_EDGE ( 'NONE', *, *, #229, .T. ) ;
#80 = CARTESIAN_POINT ( 'NONE',  ( -4.000000000000000000, 1.312499999999991340, -2.375000000000000000 ) ) ;
#81 = PLANE ( 'NONE',  #486 ) ;
#82 = CARTESIAN_POINT ( 'NONE',  ( 4.000039370078740220, 1.312499999999991340, -2.375000000000000000 ) ) ;
#83 = ORIENTED_EDGE ( 'NONE', *, *, #473, .T. ) ;
#84 = CYLINDRICAL_SURFACE ( 'NONE', #556, 0.1875000000000077716 ) ;
#85 = ADVANCED_FACE ( 'NONE', ( #1589 ), #81, .F. ) ;
#86 = ORIENTED_EDGE ( 'NONE', *, *, #543, .F. ) ;
#87 = DATE_TIME_ROLE ( 'creation_date' ) ;
#88 = AXIS2_PLACEMENT_3D ( 'NONE', #1273, #353, #606 ) ;
#89 = FACE_OUTER_BOUND ( 'NONE', #112, .T. ) ;
#90 = VECTOR ( 'NONE', #526, 39.37007874015748143 ) ;
#91 = AXIS2_PLACEMENT_3D ( 'NONE', #1143, #644, #399 ) ;
#92 = CARTESIAN_POINT ( 'NONE',  ( -3.874999999999999556, 0.1250000000000004441, 3.875000000000000000 ) ) ;
#93 = FACE_OUTER_BOUND ( 'NONE', #1474, .T. ) ;
#94 = ORIENTED_EDGE ( 'NONE', *, *, #882, .F. ) ;
#95 = DIRECTION ( 'NONE',  ( 0.000000000000000000, 0.000000000000000000, 1.000000000000000000 ) ) ;
#96 = EDGE_LOOP ( 'NONE', ( #1153, #231 ) ) ;
#97 = ADVANCED_FACE ( 'NONE', ( #709 ), #1343, .F. ) ;
#98 =( NAMED_UNIT ( * ) SI_UNIT ( $, .STERADIAN. ) SOLID_ANGLE_UNIT ( ) );
#99 = LINE ( 'NONE', #896, #1224 ) ;
#100 = EDGE_CURVE ( 'NONE', #1559, #859, #1204, .T. ) ;
#101 = CARTESIAN_POINT ( 'NONE',  ( -3.874999999999999556, 1.312499999999990230, 1.375000000000000000 ) ) ;
#102 = EDGE_CURVE ( 'NONE', #1298, #133, #312, .T. ) ;
#103 = VECTOR ( 'NONE', #1417, 39.37007874015748143 ) ;
#104 = EDGE_LOOP ( 'NONE', ( #1130, #206, #1540, #1355 ) ) ;
#105 = FACE_OUTER_BOUND ( 'NONE', #1390, .T. ) ;
#106 = VERTEX_POINT ( 'NONE', #1185 ) ;
#107 = AXIS2_PLACEMENT_3D ( 'NONE', #1506, #1003, #369 ) ;
#108 = DATE_AND_TIME ( #699, #145 ) ;
#109 = CARTESIAN_POINT ( 'NONE',  ( -3.874999999999999556, 1.687499999999998890, 1.125000000000000222 ) ) ;
#110 = DIRECTION ( 'NONE',  ( 1.000000000000000000, -0.000000000000000000, -0.000000000000000000 ) ) ;
#111 = ADVANCED_FACE ( 'NONE', ( #965, #1463, #1066, #337, #947 ), #716, .F. ) ;
#112 = EDGE_LOOP ( 'NONE', ( #594, #149, #563, #604 ) ) ;
#113 = CARTESIAN_POINT ( 'NONE',  ( -4.000000000000000000, 1.312500000000000000, -1.125000000000000000 ) ) ;
#114 = ORIENTED_EDGE ( 'NONE', *, *, #235, .T. ) ;
#115 = AXIS2_PLACEMENT_3D ( 'NONE', #1295, #1623, #1386 ) ;
#116 = CARTESIAN_POINT ( 'NONE',  ( -2.499999999999999112, 1.312500000000000000, 4.000039370078740220 ) ) ;
#117 = LINE ( 'NONE', #1124, #665 ) ;
#118 = CC_DESIGN_PERSON_AND_ORGANIZATION_ASSIGNMENT ( #1611, #1621, ( #414 ) ) ;
#119 = ORIENTED_EDGE ( 'NONE', *, *, #721, .T. ) ;
#120 = CARTESIAN_POINT ( 'NONE',  ( -4.000000000000000000, 3.000000000000000444, 4.000000000000000000 ) ) ;
#121 = ORIENTED_EDGE ( 'NONE', *, *, #253, .T. ) ;
#122 = CARTESIAN_POINT ( 'NONE',  ( -3.874999999999999556, 1.312499999999991340, -1.375000000000000000 ) ) ;
#123 = ORIENTED_EDGE ( 'NONE', *, *, #1114, .F. ) ;
#124 = CARTESIAN_POINT ( 'NONE',  ( -4.000000000000000000, 0.000000000000000000, 4.000000000000000000 ) ) ;
#125 = ORIENTED_EDGE ( 'NONE', *, *, #1515, .T. ) ;
#126 = VECTOR ( 'NONE', #693, 39.37007874015748143 ) ;
#127 = DIRECTION ( 'NONE',  ( -0.000000000000000000, 1.000000000000000000, -0.000000000000000000 ) ) ;
#128 = VERTEX_POINT ( 'NONE', #1221 ) ;
#129 = LINE ( 'NONE', #867, #178 ) ;
#130 = VERTEX_POINT ( 'NONE', #1580 ) ;
#131 = EDGE_CURVE ( 'NONE', #1559, #1420, #1570, .T. ) ;
#132 = CARTESIAN_POINT ( 'NONE',  ( -1.499999999999999334, 1.687500000000000000, -3.874999999999999556 ) ) ;
#133 = VERTEX_POINT ( 'NONE', #92 ) ;
#134 = DIRECTION ( 'NONE',  ( 0.000000000000000000, 1.000000000000000000, 9.106159978880877395E-17 ) ) ;
#135 = VECTOR ( 'NONE', #1449, 39.37007874015748143 ) ;
#136 = ORIENTED_EDGE ( 'NONE', *, *, #1473, .F. ) ;
#137 = CARTESIAN_POINT ( 'NONE',  ( -2.499999999999999112, 1.687500000000000000, 4.000039370078740220 ) ) ;
#138 = DIRECTION ( 'NONE',  ( -0.000000000000000000, -0.000000000000000000, -1.000000000000000000 ) ) ;
#139 = CARTESIAN_POINT ( 'NONE',  ( 4.000000000000000000, 0.4999999999999805156, 1.062499999999995559 ) ) ;
#140 = LINE ( 'NONE', #418, #987 ) ;
#141 = ADVANCED_FACE ( 'NONE', ( #557, #591, #1097 ), #1196, .F. ) ;
#142 = EDGE_LOOP ( 'NONE', ( #1345, #1187, #71, #223 ) ) ;
#143 = DIRECTION ( 'NONE',  ( 1.000000000000000000, 0.000000000000000000, -0.000000000000000000 ) ) ;
#144 = ORIENTED_EDGE ( 'NONE', *, *, #797, .T. ) ;
#145 = LOCAL_TIME ( 18, 34, 58.00000000000000000, #1235 ) ;
#146 = FACE_BOUND ( 'NONE', #1127, .T. ) ;
#147 = LINE ( 'NONE', #1167, #724 ) ;
#148 = AXIS2_PLACEMENT_3D ( 'NONE', #1332, #1102, #200 ) ;
#149 = ORIENTED_EDGE ( 'NONE', *, *, #32, .T. ) ;
#150 = DIRECTION ( 'NONE',  ( 0.000000000000000000, -0.000000000000000000, -1.000000000000000000 ) ) ;
#151 = EDGE_CURVE ( 'NONE', #852, #1616, #1076, .T. ) ;
#152 = ORIENTED_EDGE ( 'NONE', *, *, #854, .F. ) ;
#153 = DIRECTION ( 'NONE',  ( -1.000000000000000000, 0.000000000000000000, -0.000000000000000000 ) ) ;
#154 = EDGE_LOOP ( 'NONE', ( #1459, #382 ) ) ;
#155 = DIRECTION ( 'NONE',  ( 1.000000000000000000, -0.000000000000000000, 0.000000000000000000 ) ) ;
#156 = DIRECTION ( 'NONE',  ( -1.000000000000000000, 0.000000000000000000, 0.000000000000000000 ) ) ;
#157 = ORIENTED_EDGE ( 'NONE', *, *, #1354, .F. ) ;
#158 = CARTESIAN_POINT ( 'NONE',  ( -3.874999999999999556, 1.312500000000000000, -1.125000000000000000 ) ) ;
#159 = APPROVAL ( #1477, 'UNSPECIFIED' ) ;
#160 = AXIS2_PLACEMENT_3D ( 'NONE', #1236, #1602, #980 ) ;
#161 = ORIENTED_EDGE ( 'NONE', *, *, #787, .F. ) ;
#162 = AXIS2_PLACEMENT_3D ( 'NONE', #848, #1349, #15 ) ;
#163 = DIRECTION ( 'NONE',  ( 1.000000000000000000, 0.000000000000000000, 0.000000000000000000 ) ) ;
#164 = CIRCLE ( 'NONE', #91, 0.1875000000000077716 ) ;
#165 = ORIENTED_EDGE ( 'NONE', *, *, #21, .F. ) ;
#166 = DIRECTION ( 'NONE',  ( 0.000000000000000000, 1.000000000000000000, -0.000000000000000000 ) ) ;
#167 = FACE_OUTER_BOUND ( 'NONE', #790, .T. ) ;
#168 = VERTEX_POINT ( 'NONE', #849 ) ;
#169 = DIRECTION ( 'NONE',  ( 0.000000000000000000, 0.000000000000000000, -1.000000000000000000 ) ) ;
#170 = VERTEX_POINT ( 'NONE', #1059 ) ;
#171 = CARTESIAN_POINT ( 'NONE',  ( 4.000039370078740220, 1.687500000000000000, -0.1250000000000000278 ) ) ;
#172 = ORIENTED_EDGE ( 'NONE', *, *, #473, .F. ) ;
#173 = CARTESIAN_POINT ( 'NONE',  ( -3.874999999999999556, 1.312499999999991340, -2.375000000000000000 ) ) ;
#174 = DIRECTION ( 'NONE',  ( 0.000000000000000000, 0.000000000000000000, -1.000000000000000000 ) ) ;
#175 = EDGE_CURVE ( 'NONE', #271, #1483, #67, .T. ) ;
#176 = FACE_OUTER_BOUND ( 'NONE', #1301, .T. ) ;
#177 = LINE ( 'NONE', #1151, #1031 ) ;
#178 = VECTOR ( 'NONE', #1375, 39.37007874015748143 ) ;
#179 = ORIENTED_EDGE ( 'NONE', *, *, #620, .T. ) ;
#180 = LINE ( 'NONE', #1407, #373 ) ;
#181 = VERTEX_POINT ( 'NONE', #443 ) ;
#182 = EDGE_CURVE ( 'NONE', #314, #17, #320, .T. ) ;
#183 = DIRECTION ( 'NONE',  ( 0.000000000000000000, -1.000000000000000000, 0.000000000000000000 ) ) ;
#184 = DIRECTION ( 'NONE',  ( 0.000000000000000000, 0.000000000000000000, -1.000000000000000000 ) ) ;
#185 = DIRECTION ( 'NONE',  ( 1.000000000000000000, -0.000000000000000000, -0.000000000000000000 ) ) ;
#186 = CARTESIAN_POINT ( 'NONE',  ( -4.000000000000000000, 1.687499999999991118, -2.375000000000000000 ) ) ;
#187 = EDGE_LOOP ( 'NONE', ( #94, #1260, #1317, #22 ) ) ;
#188 = AXIS2_PLACEMENT_3D ( 'NONE', #838, #1227, #95 ) ;
#189 = FACE_BOUND ( 'NONE', #1512, .T. ) ;
#190 = VERTEX_POINT ( 'NONE', #451 ) ;
#191 = VECTOR ( 'NONE', #558, 39.37007874015748143 ) ;
#192 = COORDINATED_UNIVERSAL_TIME_OFFSET ( 8, 0, .BEHIND. ) ;
#193 = DIRECTION ( 'NONE',  ( 0.000000000000000000, 0.000000000000000000, -1.000000000000000000 ) ) ;
#194 = AXIS2_PLACEMENT_3D ( 'NONE', #54, #955, #939 ) ;
#195 = CARTESIAN_POINT ( 'NONE',  ( 4.000000000000000000, 2.500000000000000000, 3.500000000000000000 ) ) ;
#196 = CARTESIAN_POINT ( 'NONE',  ( -3.874999999999999556, 3.000000000000000444, -3.874999999999999556 ) ) ;
#197 = VERTEX_POINT ( 'NONE', #74 ) ;
#198 = CARTESIAN_POINT ( 'NONE',  ( 4.000000000000000000, 2.500000000000000000, 3.500000000000000000 ) ) ;
#199 = VERTEX_POINT ( 'NONE', #835 ) ;
#200 = DIRECTION ( 'NONE',  ( 1.000000000000000000, 0.000000000000000000, 0.000000000000000000 ) ) ;
#201 = PLANE ( 'NONE',  #661 ) ;
#202 = DIRECTION ( 'NONE',  ( 0.000000000000000000, 0.000000000000000000, 1.000000000000000000 ) ) ;
#203 = LOCAL_TIME ( 18, 34, 58.00000000000000000, #388 ) ;
#204 = LINE ( 'NONE', #1464, #562 ) ;
#205 = ADVANCED_FACE ( 'NONE', ( #477 ), #487, .T. ) ;
#206 = ORIENTED_EDGE ( 'NONE', *, *, #1314, .F. ) ;
#207 = LINE ( 'NONE', #489, #760 ) ;
#208 = ORIENTED_EDGE ( 'NONE', *, *, #1123, .F. ) ;
#209 = PERSON_AND_ORGANIZATION ( #1039, #362 ) ;
#210 = DIRECTION ( 'NONE',  ( 0.000000000000000000, -0.000000000000000000, 1.000000000000000000 ) ) ;
#211 = DIRECTION ( 'NONE',  ( 0.000000000000000000, 0.000000000000000000, 1.000000000000000000 ) ) ;
#212 = DIRECTION ( 'NONE',  ( 0.000000000000000000, 0.000000000000000000, -1.000000000000000000 ) ) ;
#213 = EDGE_CURVE ( 'NONE', #1591, #1239, #237, .T. ) ;
#214 = VERTEX_POINT ( 'NONE', #1371 ) ;
#215 = DIRECTION ( 'NONE',  ( 0.000000000000000000, 0.000000000000000000, 1.000000000000000000 ) ) ;
#216 = EDGE_CURVE ( 'NONE', #1206, #199, #1379, .T. ) ;
#217 = EDGE_LOOP ( 'NONE', ( #1234, #906, #233, #1368 ) ) ;
#218 = CALENDAR_DATE ( 2026, 19, 4 ) ;
#219 = VECTOR ( 'NONE', #174, 39.37007874015748143 ) ;
#220 = PLANE ( 'NONE',  #636 ) ;
#221 = CIRCLE ( 'NONE', #662, 0.1875000000000077716 ) ;
#222 = DIRECTION ( 'NONE',  ( 0.000000000000000000, 1.000000000000000000, 9.106159978880877395E-17 ) ) ;
#223 = ORIENTED_EDGE ( 'NONE', *, *, #523, .F. ) ;
#224 = DIRECTION ( 'NONE',  ( 1.000000000000000000, -0.000000000000000000, -0.000000000000000000 ) ) ;
#225 = ORIENTED_EDGE ( 'NONE', *, *, #543, .T. ) ;
#226 = CARTESIAN_POINT ( 'NONE',  ( 3.875000000000000444, 0.1250000000000004441, 3.875000000000000000 ) ) ;
#227 = CARTESIAN_POINT ( 'NONE',  ( 4.000000472440944144, 0.8750000000000006661, -1.250000000000000000 ) ) ;
#228 = DIRECTION ( 'NONE',  ( 0.000000000000000000, 9.106159978880871232E-17, -1.000000000000000000 ) ) ;
#229 = EDGE_CURVE ( 'NONE', #501, #795, #264, .T. ) ;
#230 = AXIS2_PLACEMENT_3D ( 'NONE', #317, #823, #1534 ) ;
#231 = ORIENTED_EDGE ( 'NONE', *, *, #1072, .F. ) ;
#232 = LINE ( 'NONE', #1208, #1321 ) ;
#233 = ORIENTED_EDGE ( 'NONE', *, *, #1498, .T. ) ;
#234 = COORDINATED_UNIVERSAL_TIME_OFFSET ( 8, 0, .BEHIND. ) ;
#235 = EDGE_CURVE ( 'NONE', #130, #181, #1503, .T. ) ;
#236 = PLANE ( 'NONE',  #88 ) ;
#237 = LINE ( 'NONE', #1001, #528 ) ;
#238 = ADVANCED_BREP_SHAPE_REPRESENTATION ( 'Box', ( #805, #148 ), #913 ) ;
#239 = EDGE_LOOP ( 'NONE', ( #1444, #1241, #445, #1337 ) ) ;
#240 = CARTESIAN_POINT ( 'NONE',  ( -3.874999999999999556, 1.312499999999998890, 1.125000000000000000 ) ) ;
#241 = VERTEX_POINT ( 'NONE', #858 ) ;
#242 = AXIS2_PLACEMENT_3D ( 'NONE', #1113, #1614, #871 ) ;
#243 = DIRECTION ( 'NONE',  ( 0.000000000000000000, 0.000000000000000000, -1.000000000000000000 ) ) ;
#244 = VECTOR ( 'NONE', #1313, 39.37007874015748143 ) ;
#245 = CARTESIAN_POINT ( 'NONE',  ( -4.000000000000000000, 1.312499999999998890, 1.125000000000000000 ) ) ;
#246 = AXIS2_PLACEMENT_3D ( 'NONE', #775, #24, #423 ) ;
#247 = VERTEX_POINT ( 'NONE', #1105 ) ;
#248 = CARTESIAN_POINT ( 'NONE',  ( -3.874999999999999556, 0.1250000000000004441, -3.874999999999999556 ) ) ;
#249 = ORIENTED_EDGE ( 'NONE', *, *, #306, .F. ) ;
#250 = CARTESIAN_POINT ( 'NONE',  ( 4.000000000000000000, 0.4999999999999805156, 1.750000000000003109 ) ) ;
#251 = ORIENTED_EDGE ( 'NONE', *, *, #914, .T. ) ;
#252 = LINE ( 'NONE', #502, #1468 ) ;
#253 = EDGE_CURVE ( 'NONE', #1101, #51, #997, .T. ) ;
#254 = ORIENTED_EDGE ( 'NONE', *, *, #448, .F. ) ;
#255 = PERSON_AND_ORGANIZATION ( #1039, #362 ) ;
#256 = AXIS2_PLACEMENT_3D ( 'NONE', #435, #655, #304 ) ;
#257 = DIRECTION ( 'NONE',  ( -1.000000000000000000, 0.000000000000000000, 0.000000000000000000 ) ) ;
#258 = ORIENTED_EDGE ( 'NONE', *, *, #1551, .T. ) ;
#259 = DIRECTION ( 'NONE',  ( 1.000000000000000000, 0.000000000000000000, 0.000000000000000000 ) ) ;
#260 = ADVANCED_FACE ( 'NONE', ( #742 ), #1129, .F. ) ;
#261 = VERTEX_POINT ( 'NONE', #500 ) ;
#262 = EDGE_CURVE ( 'NONE', #1476, #190, #1190, .T. ) ;
#263 = ORIENTED_EDGE ( 'NONE', *, *, #1609, .F. ) ;
#264 = CIRCLE ( 'NONE', #1393, 0.1875000000000077716 ) ;
#265 = VECTOR ( 'NONE', #1548, 39.37007874015748143 ) ;
#266 = LINE ( 'NONE', #408, #798 ) ;
#267 = EDGE_CURVE ( 'NONE', #190, #332, #1230, .T. ) ;
#268 = ORIENTED_EDGE ( 'NONE', *, *, #328, .T. ) ;
#269 = LINE ( 'NONE', #1118, #1309 ) ;
#270 = VECTOR ( 'NONE', #786, 39.37007874015748143 ) ;
#271 = VERTEX_POINT ( 'NONE', #101 ) ;
#272 = AXIS2_PLACEMENT_3D ( 'NONE', #931, #303, #1412 ) ;
#273 = DIRECTION ( 'NONE',  ( 0.000000000000000000, 0.000000000000000000, 1.000000000000000000 ) ) ;
#274 = ORIENTED_EDGE ( 'NONE', *, *, #339, .F. ) ;
#275 = ADVANCED_FACE ( 'NONE', ( #374 ), #617, .F. ) ;
#276 = LINE ( 'NONE', #783, #588 ) ;
#277 = EDGE_LOOP ( 'NONE', ( #672, #1046, #1620, #1404 ) ) ;
#278 = DIRECTION ( 'NONE',  ( -1.000000000000000000, 0.000000000000000000, 0.000000000000000000 ) ) ;
#279 = ORIENTED_EDGE ( 'NONE', *, *, #1605, .T. ) ;
#280 = LINE ( 'NONE', #1308, #428 ) ;
#281 = ORIENTED_EDGE ( 'NONE', *, *, #306, .T. ) ;
#282 = CARTESIAN_POINT ( 'NONE',  ( 0.1249999999999999584, 1.500000000000000666, -3.874999999999999556 ) ) ;
#283 = EDGE_CURVE ( 'NONE', #1476, #685, #752, .T. ) ;
#284 = CARTESIAN_POINT ( 'NONE',  ( -3.874999999999999556, 1.687499999999990230, 2.375000000000000000 ) ) ;
#285 = DIRECTION ( 'NONE',  ( -1.000000000000000000, -0.000000000000000000, -0.000000000000000000 ) ) ;
#286 = DIRECTION ( 'NONE',  ( 0.000000000000000000, -1.000000000000000000, 0.000000000000000000 ) ) ;
#287 = EDGE_LOOP ( 'NONE', ( #577, #334, #1052, #447 ) ) ;
#288 = FACE_OUTER_BOUND ( 'NONE', #1564, .T. ) ;
#289 = ORIENTED_EDGE ( 'NONE', *, *, #643, .T. ) ;
#290 = FACE_OUTER_BOUND ( 'NONE', #1210, .T. ) ;
#291 = LINE ( 'NONE', #792, #509 ) ;
#292 = ORIENTED_EDGE ( 'NONE', *, *, #800, .F. ) ;
#293 = FACE_OUTER_BOUND ( 'NONE', #1331, .T. ) ;
#294 = VECTOR ( 'NONE', #335, 39.37007874015748143 ) ;
#295 = ORIENTED_EDGE ( 'NONE', *, *, #283, .T. ) ;
#296 = CIRCLE ( 'NONE', #162, 0.1875000000000077716 ) ;
#297 = DIRECTION ( 'NONE',  ( 0.000000000000000000, 0.000000000000000000, 1.000000000000000000 ) ) ;
#298 = VECTOR ( 'NONE', #623, 39.37007874015748143 ) ;
#299 = ORIENTED_EDGE ( 'NONE', *, *, #1008, .F. ) ;
#300 = EDGE_CURVE ( 'NONE', #1499, #1461, #1511, .T. ) ;
#301 = CARTESIAN_POINT ( 'NONE',  ( 4.000000000000000000, 0.000000000000000000, -4.000000000000000000 ) ) ;
#302 = FACE_OUTER_BOUND ( 'NONE', #1147, .T. ) ;
#303 = DIRECTION ( 'NONE',  ( 0.000000000000000000, -1.000000000000000000, 0.000000000000000000 ) ) ;
#304 = DIRECTION ( 'NONE',  ( 0.000000000000000000, 0.000000000000000000, 1.000000000000000000 ) ) ;
#305 = VERTEX_POINT ( 'NONE', #1244 ) ;
#306 = EDGE_CURVE ( 'NONE', #859, #1514, #1604, .T. ) ;
#307 = CARTESIAN_POINT ( 'NONE',  ( 4.000000000000000000, 0.4999999999999805156, 2.750000000000003109 ) ) ;
#308 = ORIENTED_EDGE ( 'NONE', *, *, #1082, .T. ) ;
#309 = VECTOR ( 'NONE', #688, 39.37007874015748143 ) ;
#310 = CARTESIAN_POINT ( 'NONE',  ( -3.874999999999999556, 3.000000000000000444, 3.875000000000000000 ) ) ;
#311 = DIRECTION ( 'NONE',  ( 0.000000000000000000, 1.000000000000000000, 0.000000000000000000 ) ) ;
#312 = LINE ( 'NONE', #1085, #1328 ) ;
#313 = DIRECTION ( 'NONE',  ( -0.000000000000000000, 1.000000000000000000, -0.000000000000000000 ) ) ;
#314 = VERTEX_POINT ( 'NONE', #1630 ) ;
#315 = LINE ( 'NONE', #686, #794 ) ;
#316 = ORIENTED_EDGE ( 'NONE', *, *, #1419, .T. ) ;
#317 = CARTESIAN_POINT ( 'NONE',  ( 0.000000000000000000, 3.000000000000000444, 0.000000000000000000 ) ) ;
#318 = DIRECTION ( 'NONE',  ( 0.000000000000000000, 0.000000000000000000, -1.000000000000000000 ) ) ;
#319 = EDGE_CURVE ( 'NONE', #106, #1329, #878, .T. ) ;
#320 = LINE ( 'NONE', #827, #1319 ) ;
#321 = CARTESIAN_POINT ( 'NONE',  ( 0.000000000000000000, 1.500000000000000666, 4.000039370078740220 ) ) ;
#322 = VECTOR ( 'NONE', #345, 39.37007874015748143 ) ;
#323 = ORIENTED_EDGE ( 'NONE', *, *, #151, .F. ) ;
#324 = CARTESIAN_POINT ( 'NONE',  ( 4.000000000000000000, 0.4999999999999805156, 2.562499999999995559 ) ) ;
#325 = ORIENTED_EDGE ( 'NONE', *, *, #1123, .T. ) ;
#326 = DIRECTION ( 'NONE',  ( 0.000000000000000000, 0.000000000000000000, -1.000000000000000000 ) ) ;
#327 = PLANE ( 'NONE',  #1222 ) ;
#328 = EDGE_CURVE ( 'NONE', #46, #49, #25, .T. ) ;
#329 = EDGE_CURVE ( 'NONE', #1514, #1499, #117, .T. ) ;
#330 = CARTESIAN_POINT ( 'NONE',  ( 4.000039370078740220, 1.312500000000000000, -1.125000000000000000 ) ) ;
#331 = DIRECTION ( 'NONE',  ( -0.000000000000000000, -0.000000000000000000, -1.000000000000000000 ) ) ;
#332 = VERTEX_POINT ( 'NONE', #1497 ) ;
#333 = CARTESIAN_POINT ( 'NONE',  ( -4.000000000000000000, 0.000000000000000000, 4.000000000000000000 ) ) ;
#334 = ORIENTED_EDGE ( 'NONE', *, *, #753, .T. ) ;
#335 = DIRECTION ( 'NONE',  ( 0.000000000000000000, 0.000000000000000000, 1.000000000000000000 ) ) ;
#336 = EDGE_CURVE ( 'NONE', #1267, #170, #367, .T. ) ;
#337 = FACE_BOUND ( 'NONE', #491, .T. ) ;
#338 = CYLINDRICAL_SURFACE ( 'NONE', #615, 0.1249999999999999584 ) ;
#339 = EDGE_CURVE ( 'NONE', #1278, #305, #416, .T. ) ;
#340 = ORIENTED_EDGE ( 'NONE', *, *, #736, .F. ) ;
#341 = DIRECTION ( 'NONE',  ( -0.000000000000000000, -1.000000000000000000, -9.106159978880878627E-17 ) ) ;
#342 = ORIENTED_EDGE ( 'NONE', *, *, #457, .F. ) ;
#343 = DIRECTION ( 'NONE',  ( -1.000000000000000000, -0.000000000000000000, -0.000000000000000000 ) ) ;
#344 = DIRECTION ( 'NONE',  ( -1.000000000000000000, -0.000000000000000000, -0.000000000000000000 ) ) ;
#345 = DIRECTION ( 'NONE',  ( -1.000000000000000000, 0.000000000000000000, 0.000000000000000000 ) ) ;
#346 = CARTESIAN_POINT ( 'NONE',  ( 4.000039370078740220, 1.687499999999990230, 2.375000000000000000 ) ) ;
#347 = ORIENTED_EDGE ( 'NONE', *, *, #504, .F. ) ;
#348 = CARTESIAN_POINT ( 'NONE',  ( 3.875000000000000444, 0.4999999999999805156, 1.062499999999995559 ) ) ;
#349 = VECTOR ( 'NONE', #584, 39.37007874015748143 ) ;
#350 = ORIENTED_EDGE ( 'NONE', *, *, #21, .T. ) ;
#351 = EDGE_CURVE ( 'NONE', #1461, #1420, #1284, .T. ) ;
#352 = LINE ( 'NONE', #226, #1571 ) ;
#353 = DIRECTION ( 'NONE',  ( 0.000000000000000000, -1.000000000000000000, 0.000000000000000000 ) ) ;
#354 = VECTOR ( 'NONE', #1563, 39.37007874015748143 ) ;
#355 = CARTESIAN_POINT ( 'NONE',  ( 4.000000472440944144, 0.8750000000000006661, -0.4999999999999999445 ) ) ;
#356 = ORIENTED_EDGE ( 'NONE', *, *, #300, .T. ) ;
#357 = CARTESIAN_POINT ( 'NONE',  ( -4.000000000000000000, 3.000000000000000444, -4.000000000000000000 ) ) ;
#358 = EDGE_CURVE ( 'NONE', #795, #779, #276, .T. ) ;
#359 = ORIENTED_EDGE ( 'NONE', *, *, #32, .F. ) ;
#360 = FACE_OUTER_BOUND ( 'NONE', #217, .T. ) ;
#361 = CARTESIAN_POINT ( 'NONE',  ( 3.875000000000000444, 0.1250000000000004441, 3.875000000000000000 ) ) ;
#362 = ORGANIZATION ( 'UNSPECIFIED', 'UNSPECIFIED', '' ) ;
#363 = ORIENTED_EDGE ( 'NONE', *, *, #1253, .F. ) ;
#364 = DIRECTION ( 'NONE',  ( -1.000000000000000000, 0.000000000000000000, 0.000000000000000000 ) ) ;
#365 = EDGE_LOOP ( 'NONE', ( #991, #1004, #325, #1436 ) ) ;
#366 = CARTESIAN_POINT ( 'NONE',  ( 0.1249999999999999584, 1.500000000000000666, -4.000000000000000000 ) ) ;
#367 = LINE ( 'NONE', #245, #298 ) ;
#368 = ORIENTED_EDGE ( 'NONE', *, *, #499, .F. ) ;
#369 = DIRECTION ( 'NONE',  ( 0.000000000000000000, 0.000000000000000000, -1.000000000000000000 ) ) ;
#370 = ORIENTED_EDGE ( 'NONE', *, *, #1058, .T. ) ;
#371 = AXIS2_PLACEMENT_3D ( 'NONE', #73, #311, #210 ) ;
#372 = EDGE_CURVE ( 'NONE', #1402, #1081, #291, .T. ) ;
#373 = VECTOR ( 'NONE', #297, 39.37007874015748143 ) ;
#374 = FACE_OUTER_BOUND ( 'NONE', #802, .T. ) ;
#375 = VECTOR ( 'NONE', #45, 39.37007874015748143 ) ;
#376 = EDGE_LOOP ( 'NONE', ( #998, #1593, #1366, #1109 ) ) ;
#377 = CYLINDRICAL_SURFACE ( 'NONE', #1045, 0.1249999999999999029 ) ;
#378 = ORIENTED_EDGE ( 'NONE', *, *, #822, .T. ) ;
#379 = PERSON_AND_ORGANIZATION ( #1039, #362 ) ;
#380 = CARTESIAN_POINT ( 'NONE',  ( 0.000000000000000000, 1.500000000000000666, 4.000039370078740220 ) ) ;
#381 = ADVANCED_FACE ( 'NONE', ( #1403 ), #1269, .F. ) ;
#382 = ORIENTED_EDGE ( 'NONE', *, *, #328, .F. ) ;
#383 = DIRECTION ( 'NONE',  ( 0.000000000000000000, -1.000000000000000000, 0.000000000000000000 ) ) ;
#384 = EDGE_CURVE ( 'NONE', #1433, #261, #892, .T. ) ;
#385 = LOCAL_TIME ( 18, 34, 58.00000000000000000, #192 ) ;
#386 = EDGE_LOOP ( 'NONE', ( #808, #1547, #421, #436 ) ) ;
#387 = EDGE_CURVE ( 'NONE', #1081, #1397, #1030, .T. ) ;
#388 = COORDINATED_UNIVERSAL_TIME_OFFSET ( 8, 0, .BEHIND. ) ;
#389 = AXIS2_PLACEMENT_3D ( 'NONE', #78, #70, #578 ) ;
#390 = DESIGN_CONTEXT ( 'detailed design', #1138, 'design' ) ;
#391 = DIRECTION ( 'NONE',  ( 0.000000000000000000, 1.000000000000000000, -0.000000000000000000 ) ) ;
#392 = CARTESIAN_POINT ( 'NONE',  ( 4.000000472440944144, 0.4999999999999805156, 1.750000000000003109 ) ) ;
#393 = LINE ( 'NONE', #894, #1256 ) ;
#394 = ORIENTED_EDGE ( 'NONE', *, *, #1480, .F. ) ;
#395 = DIRECTION ( 'NONE',  ( -1.000000000000000000, -0.000000000000000000, -0.000000000000000000 ) ) ;
#396 = ADVANCED_FACE ( 'NONE', ( #1410 ), #769, .F. ) ;
#397 = VECTOR ( 'NONE', #434, 39.37007874015748143 ) ;
#398 = AXIS2_PLACEMENT_3D ( 'NONE', #780, #801, #1281 ) ;
#399 = DIRECTION ( 'NONE',  ( 0.000000000000000000, 0.000000000000000000, -1.000000000000000000 ) ) ;
#400 = DIRECTION ( 'NONE',  ( 0.000000000000000000, -1.000000000000000000, 0.000000000000000000 ) ) ;
#401 = DIRECTION ( 'NONE',  ( -1.000000000000000000, 0.000000000000000000, 0.000000000000000000 ) ) ;
#402 = AXIS2_PLACEMENT_3D ( 'NONE', #1050, #932, #1067 ) ;
#403 = ORIENTED_EDGE ( 'NONE', *, *, #387, .F. ) ;
#404 = DIRECTION ( 'NONE',  ( -0.000000000000000000, -1.000000000000000000, -0.000000000000000000 ) ) ;
#405 = CC_DESIGN_PERSON_AND_ORGANIZATION_ASSIGNMENT ( #1083, #732, ( #1036 ) ) ;
#406 = ORIENTED_EDGE ( 'NONE', *, *, #1096, .F. ) ;
#407 = DIRECTION ( 'NONE',  ( 0.000000000000000000, 0.000000000000000000, 1.000000000000000000 ) ) ;
#408 = CARTESIAN_POINT ( 'NONE',  ( -4.000000000000000000, 1.687500000000000000, -1.125000000000000000 ) ) ;
#409 = LINE ( 'NONE', #771, #751 ) ;
#410 = DIRECTION ( 'NONE',  ( -1.000000000000000000, 0.000000000000000000, 0.000000000000000000 ) ) ;
#411 = EDGE_LOOP ( 'NONE', ( #1034, #1631 ) ) ;
#412 = LINE ( 'NONE', #171, #90 ) ;
#413 = ORIENTED_EDGE ( 'NONE', *, *, #100, .T. ) ;
#414 = PRODUCT_DEFINITION_FORMATION_WITH_SPECIFIED_SOURCE ( 'ANY', '', #1296, .NOT_KNOWN. ) ;
#415 = CARTESIAN_POINT ( 'NONE',  ( -1.499999999999999334, 1.687500000000000000, 4.000039370078740220 ) ) ;
#416 = LINE ( 'NONE', #284, #1293 ) ;
#417 = LINE ( 'NONE', #1536, #1248 ) ;
#418 = CARTESIAN_POINT ( 'NONE',  ( -3.874999999999999556, 1.312499999999990230, 2.375000000000000000 ) ) ;
#419 = ORIENTED_EDGE ( 'NONE', *, *, #1082, .F. ) ;
#420 = DIRECTION ( 'NONE',  ( 0.000000000000000000, 0.000000000000000000, 1.000000000000000000 ) ) ;
#421 = ORIENTED_EDGE ( 'NONE', *, *, #887, .T. ) ;
#422 = FACE_OUTER_BOUND ( 'NONE', #1247, .T. ) ;
#423 = DIRECTION ( 'NONE',  ( 0.000000000000000000, -1.000000000000000000, 9.106159978880877395E-17 ) ) ;
#424 = EDGE_CURVE ( 'NONE', #961, #1600, #910, .T. ) ;
#425 = DIRECTION ( 'NONE',  ( 0.000000000000000000, 0.000000000000000000, 1.000000000000000000 ) ) ;
#426 = DIRECTION ( 'NONE',  ( 0.000000000000000000, -1.000000000000000000, 0.000000000000000000 ) ) ;
#427 = VERTEX_POINT ( 'NONE', #1294 ) ;
#428 = VECTOR ( 'NONE', #404, 39.37007874015748143 ) ;
#429 = LINE ( 'NONE', #1162, #1055 ) ;
#430 = EDGE_LOOP ( 'NONE', ( #510, #498, #706, #579 ) ) ;
#431 = DIMENSIONAL_EXPONENTS ( 1.000000000000000000, 0.000000000000000000, 0.000000000000000000, 0.000000000000000000, 0.000000000000000000, 0.000000000000000000, 0.000000000000000000 ) ;
#432 = DIRECTION ( 'NONE',  ( -1.000000000000000000, -0.000000000000000000, -0.000000000000000000 ) ) ;
#433 = DIRECTION ( 'NONE',  ( 0.000000000000000000, -0.000000000000000000, -1.000000000000000000 ) ) ;
#434 = DIRECTION ( 'NONE',  ( -1.000000000000000000, -0.000000000000000000, -0.000000000000000000 ) ) ;
#435 = CARTESIAN_POINT ( 'NONE',  ( 4.000000472440944144, 2.500000000000000000, 3.500000000000000000 ) ) ;
#436 = ORIENTED_EDGE ( 'NONE', *, *, #1432, .F. ) ;
#437 = FACE_BOUND ( 'NONE', #96, .T. ) ;
#438 = ORIENTED_EDGE ( 'NONE', *, *, #1399, .T. ) ;
#439 = ADVANCED_FACE ( 'NONE', ( #167 ), #1157, .F. ) ;
#440 = VECTOR ( 'NONE', #1214, 39.37007874015748143 ) ;
#441 = CARTESIAN_POINT ( 'NONE',  ( -3.874999999999999556, 1.687499999999991118, -2.375000000000000000 ) ) ;
#442 = DIRECTION ( 'NONE',  ( 0.000000000000000000, -1.000000000000000000, 0.000000000000000000 ) ) ;
#443 = CARTESIAN_POINT ( 'NONE',  ( 3.875000000000000444, 3.000000000000000444, 3.875000000000000000 ) ) ;
#444 = LINE ( 'NONE', #196, #135 ) ;
#445 = ORIENTED_EDGE ( 'NONE', *, *, #701, .T. ) ;
#446 = DIRECTION ( 'NONE',  ( 0.000000000000000000, 0.000000000000000000, 1.000000000000000000 ) ) ;
#447 = ORIENTED_EDGE ( 'NONE', *, *, #638, .F. ) ;
#448 = EDGE_CURVE ( 'NONE', #525, #128, #266, .T. ) ;
#449 = PERSON_AND_ORGANIZATION ( #1039, #362 ) ;
#450 = DIRECTION ( 'NONE',  ( -1.000000000000000000, -0.000000000000000000, -0.000000000000000000 ) ) ;
#451 = CARTESIAN_POINT ( 'NONE',  ( -0.1249999999999999584, 1.500000000000000666, -3.874999999999999556 ) ) ;
#452 = DIRECTION ( 'NONE',  ( 0.000000000000000000, -0.000000000000000000, -1.000000000000000000 ) ) ;
#453 = EDGE_LOOP ( 'NONE', ( #766, #874, #926, #1002 ) ) ;
#454 = DIRECTION ( 'NONE',  ( 0.000000000000000000, 0.000000000000000000, 1.000000000000000000 ) ) ;
#455 = AXIS2_PLACEMENT_3D ( 'NONE', #1229, #1524, #243 ) ;
#456 = EDGE_LOOP ( 'NONE', ( #754, #119, #1216, #788 ) ) ;
#457 = EDGE_CURVE ( 'NONE', #669, #779, #164, .T. ) ;
#458 = AXIS2_PLACEMENT_3D ( 'NONE', #681, #715, #1184 ) ;
#459 = LINE ( 'NONE', #1578, #1576 ) ;
#460 = LINE ( 'NONE', #573, #505 ) ;
#461 = DIRECTION ( 'NONE',  ( -0.000000000000000000, -0.000000000000000000, 1.000000000000000000 ) ) ;
#462 = CARTESIAN_POINT ( 'NONE',  ( 3.875000000000000444, 3.000000000000000444, -3.874999999999999556 ) ) ;
#463 = ORIENTED_EDGE ( 'NONE', *, *, #102, .T. ) ;
#464 = CARTESIAN_POINT ( 'NONE',  ( -4.000000000000000000, 1.687499999999990230, 1.375000000000000000 ) ) ;
#465 = VERTEX_POINT ( 'NONE', #637 ) ;
#466 = DIRECTION ( 'NONE',  ( 0.000000000000000000, 0.000000000000000000, -1.000000000000000000 ) ) ;
#467 = CARTESIAN_POINT ( 'NONE',  ( 4.000039370078740220, 1.312499999999998890, 0.1250000000000000000 ) ) ;
#468 = CARTESIAN_POINT ( 'NONE',  ( -4.000000000000000000, 3.000000000000000444, -4.000000000000000000 ) ) ;
#469 = CARTESIAN_POINT ( 'NONE',  ( 4.000000472440944144, 0.4999999999999805156, 1.937500000000010880 ) ) ;
#470 = ORIENTED_EDGE ( 'NONE', *, *, #1093, .F. ) ;
#471 = CARTESIAN_POINT ( 'NONE',  ( 4.000039370078740220, 1.687499999999991118, -2.375000000000000000 ) ) ;
#472 = AXIS2_PLACEMENT_3D ( 'NONE', #1625, #1126, #999 ) ;
#473 = EDGE_CURVE ( 'NONE', #465, #922, #1377, .T. ) ;
#474 = ORIENTED_EDGE ( 'NONE', *, *, #767, .T. ) ;
#475 =( NAMED_UNIT ( * ) PLANE_ANGLE_UNIT ( ) SI_UNIT ( $, .RADIAN. ) );
#476 = PLANE ( 'NONE',  #1139 ) ;
#477 = FACE_OUTER_BOUND ( 'NONE', #365, .T. ) ;
#478 = EDGE_CURVE ( 'NONE', #128, #1144, #898, .T. ) ;
#479 = VECTOR ( 'NONE', #630, 39.37007874015748143 ) ;
#480 = VERTEX_POINT ( 'NONE', #530 ) ;
#481 = CYLINDRICAL_SURFACE ( 'NONE', #58, 0.1875000000000077716 ) ;
#482 = ORIENTED_EDGE ( 'NONE', *, *, #857, .F. ) ;
#483 = PERSON_AND_ORGANIZATION ( #1039, #362 ) ;
#484 = DIRECTION ( 'NONE',  ( 0.000000000000000000, 0.000000000000000000, 1.000000000000000000 ) ) ;
#485 = AXIS2_PLACEMENT_3D ( 'NONE', #1169, #426, #150 ) ;
#486 = AXIS2_PLACEMENT_3D ( 'NONE', #330, #581, #1440 ) ;
#487 = PLANE ( 'NONE',  #1610 ) ;
#488 = ORIENTED_EDGE ( 'NONE', *, *, #151, .T. ) ;
#489 = CARTESIAN_POINT ( 'NONE',  ( -3.874999999999999556, 1.312499999999998890, 0.1250000000000000000 ) ) ;
#490 = APPLICATION_CONTEXT ( 'configuration controlled 3d designs of mechanical parts and assemblies' ) ;
#491 = EDGE_LOOP ( 'NONE', ( #1232, #165, #951, #583 ) ) ;
#492 = CALENDAR_DATE ( 2026, 19, 4 ) ;
#493 = EDGE_LOOP ( 'NONE', ( #872, #1099, #776, #323 ) ) ;
#494 = LINE ( 'NONE', #1148, #930 ) ;
#495 = DIRECTION ( 'NONE',  ( -1.000000000000000000, -0.000000000000000000, -0.000000000000000000 ) ) ;
#496 = EDGE_LOOP ( 'NONE', ( #1416, #976, #488, #893 ) ) ;
#497 = CARTESIAN_POINT ( 'NONE',  ( 4.000039370078740220, 1.312499999999990230, 2.375000000000000000 ) ) ;
#498 = ORIENTED_EDGE ( 'NONE', *, *, #175, .T. ) ;
#499 = EDGE_CURVE ( 'NONE', #1063, #1125, #1552, .T. ) ;
#500 = CARTESIAN_POINT ( 'NONE',  ( -2.499999999999999112, 1.687500000000000000, -3.874999999999999556 ) ) ;
#501 = VERTEX_POINT ( 'NONE', #520 ) ;
#502 = CARTESIAN_POINT ( 'NONE',  ( -1.499999999999999334, 1.312500000000000000, -3.874999999999999556 ) ) ;
#503 = ORIENTED_EDGE ( 'NONE', *, *, #506, .T. ) ;
#504 = EDGE_CURVE ( 'NONE', #314, #1144, #147, .T. ) ;
#505 = VECTOR ( 'NONE', #954, 39.37007874015748143 ) ;
#506 = EDGE_CURVE ( 'NONE', #170, #1191, #36, .T. ) ;
#507 = AXIS2_PLACEMENT_3D ( 'NONE', #649, #856, #749 ) ;
#508 = DIRECTION ( 'NONE',  ( -0.000000000000000000, -0.000000000000000000, -1.000000000000000000 ) ) ;
#509 = VECTOR ( 'NONE', #1543, 39.37007874015748143 ) ;
#510 = ORIENTED_EDGE ( 'NONE', *, *, #1299, .T. ) ;
#511 = LINE ( 'NONE', #1367, #1104 ) ;
#512 = EDGE_LOOP ( 'NONE', ( #79, #1282, #1043, #1307 ) ) ;
#513 = CARTESIAN_POINT ( 'NONE',  ( -4.000000000000000000, 1.687499999999998890, 1.125000000000000000 ) ) ;
#514 = PLANE ( 'NONE',  #34 ) ;
#515 = CYLINDRICAL_SURFACE ( 'NONE', #545, 0.1875000000000077716 ) ;
#516 = AXIS2_PLACEMENT_3D ( 'NONE', #1173, #1550, #326 ) ;
#517 = ORIENTED_EDGE ( 'NONE', *, *, #339, .T. ) ;
#518 = DIRECTION ( 'NONE',  ( -1.000000000000000000, 0.000000000000000000, 0.000000000000000000 ) ) ;
#519 = EDGE_CURVE ( 'NONE', #1298, #612, #537, .T. ) ;
#520 = CARTESIAN_POINT ( 'NONE',  ( 4.000000000000000000, 0.4999999999999805156, 1.937500000000010880 ) ) ;
#521 = CARTESIAN_POINT ( 'NONE',  ( 4.000000000000000000, 0.4999999999999805156, 1.437500000000011102 ) ) ;
#522 = CARTESIAN_POINT ( 'NONE',  ( 3.875000000000000444, 2.500000000000000000, 3.624999999999999556 ) ) ;
#523 = EDGE_CURVE ( 'NONE', #480, #628, #1594, .T. ) ;
#524 = ADVANCED_FACE ( 'NONE', ( #938 ), #580, .F. ) ;
#525 = VERTEX_POINT ( 'NONE', #708 ) ;
#526 = DIRECTION ( 'NONE',  ( -1.000000000000000000, -0.000000000000000000, -0.000000000000000000 ) ) ;
#527 = ORIENTED_EDGE ( 'NONE', *, *, #1365, .T. ) ;
#528 = VECTOR ( 'NONE', #1255, 39.37007874015748143 ) ;
#529 = CARTESIAN_POINT ( 'NONE',  ( -4.000000000000000000, 1.312499999999990230, 1.375000000000000000 ) ) ;
#530 = CARTESIAN_POINT ( 'NONE',  ( -3.874999999999999556, 1.312499999999998890, 0.1250000000000000000 ) ) ;
#531 = DIRECTION ( 'NONE',  ( 1.000000000000000000, -0.000000000000000000, -0.000000000000000000 ) ) ;
#532 = DIRECTION ( 'NONE',  ( 0.000000000000000000, 0.000000000000000000, 1.000000000000000000 ) ) ;
#533 = ORIENTED_EDGE ( 'NONE', *, *, #975, .F. ) ;
#534 = CARTESIAN_POINT ( 'NONE',  ( -4.000000000000000000, 3.000000000000000444, -4.000000000000000000 ) ) ;
#535 = VERTEX_POINT ( 'NONE', #1561 ) ;
#536 = LINE ( 'NONE', #1047, #996 ) ;
#537 = LINE ( 'NONE', #928, #958 ) ;
#538 = EDGE_LOOP ( 'NONE', ( #419, #172 ) ) ;
#539 = CARTESIAN_POINT ( 'NONE',  ( 4.000000472440944144, 0.4999999999999805156, 1.250000000000003331 ) ) ;
#540 = ORIENTED_EDGE ( 'NONE', *, *, #863, .T. ) ;
#541 = PLANE ( 'NONE',  #897 ) ;
#542 = EDGE_LOOP ( 'NONE', ( #1320, #1132, #1049, #225 ) ) ;
#543 = EDGE_CURVE ( 'NONE', #197, #1490, #53, .T. ) ;
#544 = DIRECTION ( 'NONE',  ( 0.000000000000000000, 0.000000000000000000, -1.000000000000000000 ) ) ;
#545 = AXIS2_PLACEMENT_3D ( 'NONE', #1016, #364, #1521 ) ;
#546 = DIRECTION ( 'NONE',  ( 1.000000000000000000, 0.000000000000000000, 0.000000000000000000 ) ) ;
#547 = ORIENTED_EDGE ( 'NONE', *, *, #972, .F. ) ;
#548 = PLANE ( 'NONE',  #402 ) ;
#549 = ORIENTED_EDGE ( 'NONE', *, *, #936, .T. ) ;
#550 = CARTESIAN_POINT ( 'NONE',  ( -3.874999999999999556, 0.1250000000000004441, 3.875000000000000000 ) ) ;
#551 = ORIENTED_EDGE ( 'NONE', *, *, #1522, .F. ) ;
#552 = CARTESIAN_POINT ( 'NONE',  ( 4.000000000000000000, 0.4999999999999805156, 2.750000000000003109 ) ) ;
#553 = EDGE_CURVE ( 'NONE', #832, #677, #1569, .T. ) ;
#554 = LINE ( 'NONE', #63, #1164 ) ;
#555 = ADVANCED_FACE ( 'NONE', ( #89 ), #327, .F. ) ;
#556 = AXIS2_PLACEMENT_3D ( 'NONE', #845, #1091, #454 ) ;
#557 = FACE_BOUND ( 'NONE', #1257, .T. ) ;
#558 = DIRECTION ( 'NONE',  ( -1.000000000000000000, 0.000000000000000000, 0.000000000000000000 ) ) ;
#559 = ORIENTED_EDGE ( 'NONE', *, *, #843, .T. ) ;
#560 = CARTESIAN_POINT ( 'NONE',  ( 4.000039370078740220, 1.687499999999998890, 1.125000000000000000 ) ) ;
#561 = EDGE_CURVE ( 'NONE', #51, #1499, #946, .T. ) ;
#562 = VECTOR ( 'NONE', #828, 39.37007874015748143 ) ;
#563 = ORIENTED_EDGE ( 'NONE', *, *, #882, .T. ) ;
#564 = CARTESIAN_POINT ( 'NONE',  ( 4.000000472440944144, 0.4999999999999805156, 2.562499999999995559 ) ) ;
#565 = DIRECTION ( 'NONE',  ( 0.000000000000000000, 0.000000000000000000, -1.000000000000000000 ) ) ;
#566 = DIRECTION ( 'NONE',  ( 1.000000000000000000, 0.000000000000000000, -0.000000000000000000 ) ) ;
#567 = FACE_OUTER_BOUND ( 'NONE', #829, .T. ) ;
#568 = ORIENTED_EDGE ( 'NONE', *, *, #843, .F. ) ;
#569 = EDGE_CURVE ( 'NONE', #1239, #1577, #1425, .T. ) ;
#570 = DIRECTION ( 'NONE',  ( -1.000000000000000000, 0.000000000000000000, 0.000000000000000000 ) ) ;
#571 = ORIENTED_EDGE ( 'NONE', *, *, #899, .F. ) ;
#572 = CIRCLE ( 'NONE', #516, 0.1875000000000077716 ) ;
#573 = CARTESIAN_POINT ( 'NONE',  ( 4.000000000000000000, 3.000000000000000444, 4.000000000000000000 ) ) ;
#574 = CARTESIAN_POINT ( 'NONE',  ( -3.874999999999999556, 1.687499999999991118, -2.375000000000000000 ) ) ;
#575 = FACE_OUTER_BOUND ( 'NONE', #745, .T. ) ;
#576 = ADVANCED_FACE ( 'NONE', ( #302 ), #201, .F. ) ;
#577 = ORIENTED_EDGE ( 'NONE', *, *, #384, .T. ) ;
#578 = DIRECTION ( 'NONE',  ( 0.000000000000000000, 0.000000000000000000, -1.000000000000000000 ) ) ;
#579 = ORIENTED_EDGE ( 'NONE', *, *, #1189, .F. ) ;
#580 = PLANE ( 'NONE',  #458 ) ;
#581 = DIRECTION ( 'NONE',  ( 0.000000000000000000, 0.000000000000000000, -1.000000000000000000 ) ) ;
#582 = CARTESIAN_POINT ( 'NONE',  ( -4.000000000000000000, 1.687499999999991118, -1.374999999999999334 ) ) ;
#583 = ORIENTED_EDGE ( 'NONE', *, *, #1365, .F. ) ;
#584 = DIRECTION ( 'NONE',  ( -1.000000000000000000, -0.000000000000000000, -0.000000000000000000 ) ) ;
#585 = CIRCLE ( 'NONE', #4, 0.1875000000000077716 ) ;
#586 = VECTOR ( 'NONE', #1539, 39.37007874015748143 ) ;
#587 = ORIENTED_EDGE ( 'NONE', *, *, #10, .F. ) ;
#588 = VECTOR ( 'NONE', #257, 39.37007874015748143 ) ;
#589 = PERSON_AND_ORGANIZATION ( #1039, #362 ) ;
#590 = CARTESIAN_POINT ( 'NONE',  ( 4.000000000000000000, 2.500000000000000000, 3.375000000000000000 ) ) ;
#591 = FACE_BOUND ( 'NONE', #601, .T. ) ;
#592 = EDGE_CURVE ( 'NONE', #891, #1600, #460, .T. ) ;
#593 = CARTESIAN_POINT ( 'NONE',  ( 4.000000000000000000, 0.1249999999999999029, -0.5000000000000000000 ) ) ;
#594 = ORIENTED_EDGE ( 'NONE', *, *, #1142, .T. ) ;
#595 = CARTESIAN_POINT ( 'NONE',  ( -3.874999999999999556, 1.312499999999990230, 2.375000000000000000 ) ) ;
#596 = VERTEX_POINT ( 'NONE', #590 ) ;
#597 = LINE ( 'NONE', #1357, #1006 ) ;
#598 = EDGE_CURVE ( 'NONE', #69, #1402, #963, .T. ) ;
#599 = SECURITY_CLASSIFICATION ( '', '', #1510 ) ;
#600 = DIRECTION ( 'NONE',  ( 0.000000000000000000, 1.000000000000000000, 0.000000000000000000 ) ) ;
#601 = EDGE_LOOP ( 'NONE', ( #363, #811 ) ) ;
#602 = DIRECTION ( 'NONE',  ( 0.000000000000000000, 0.000000000000000000, 1.000000000000000000 ) ) ;
#603 = VECTOR ( 'NONE', #746, 39.37007874015748143 ) ;
#604 = ORIENTED_EDGE ( 'NONE', *, *, #175, .F. ) ;
#605 = APPROVAL_DATE_TIME ( #108, #869 ) ;
#606 = DIRECTION ( 'NONE',  ( 0.000000000000000000, -0.000000000000000000, -1.000000000000000000 ) ) ;
#607 = DIRECTION ( 'NONE',  ( 1.000000000000000000, -0.000000000000000000, -0.000000000000000000 ) ) ;
#608 = AXIS2_PLACEMENT_3D ( 'NONE', #380, #508, #735 ) ;
#609 = EDGE_LOOP ( 'NONE', ( #1529, #694, #1465, #263 ) ) ;
#610 = CARTESIAN_POINT ( 'NONE',  ( 4.000000472440944144, 2.500000000000000000, 3.500000000000000000 ) ) ;
#611 = AXIS2_PLACEMENT_3D ( 'NONE', #1200, #1575, #446 ) ;
#612 = VERTEX_POINT ( 'NONE', #1455 ) ;
#613 = EDGE_CURVE ( 'NONE', #214, #967, #700, .T. ) ;
#614 = CARTESIAN_POINT ( 'NONE',  ( 4.000039370078740220, 1.687500000000000000, -1.125000000000000000 ) ) ;
#615 = AXIS2_PLACEMENT_3D ( 'NONE', #321, #331, #842 ) ;
#616 = AXIS2_PLACEMENT_3D ( 'NONE', #702, #1350, #222 ) ;
#617 = CYLINDRICAL_SURFACE ( 'NONE', #608, 0.1249999999999999584 ) ;
#618 = ORIENTED_EDGE ( 'NONE', *, *, #678, .T. ) ;
#619 = CARTESIAN_POINT ( 'NONE',  ( -2.499999999999999112, 1.687500000000000000, -4.000000000000000000 ) ) ;
#620 = EDGE_CURVE ( 'NONE', #685, #332, #1373, .T. ) ;
#621 = EDGE_CURVE ( 'NONE', #779, #669, #585, .T. ) ;
#622 = ORIENTED_EDGE ( 'NONE', *, *, #1573, .F. ) ;
#623 = DIRECTION ( 'NONE',  ( 0.000000000000000000, 1.000000000000000000, 0.000000000000000000 ) ) ;
#624 = LOCAL_TIME ( 18, 34, 58.00000000000000000, #234 ) ;
#625 = ORIENTED_EDGE ( 'NONE', *, *, #1437, .T. ) ;
#626 = LINE ( 'NONE', #240, #813 ) ;
#627 = APPROVAL ( #635, 'UNSPECIFIED' ) ;
#628 = VERTEX_POINT ( 'NONE', #1095 ) ;
#629 = ADVANCED_FACE ( 'NONE', ( #1203 ), #1462, .F. ) ;
#630 = DIRECTION ( 'NONE',  ( -1.000000000000000000, -0.000000000000000000, -0.000000000000000000 ) ) ;
#631 = ORIENTED_EDGE ( 'NONE', *, *, #851, .F. ) ;
#632 = DIRECTION ( 'NONE',  ( 0.000000000000000000, 1.000000000000000000, 0.000000000000000000 ) ) ;
#633 = ORIENTED_EDGE ( 'NONE', *, *, #748, .F. ) ;
#634 = AXIS2_PLACEMENT_3D ( 'NONE', #198, #224, #730 ) ;
#635 = APPROVAL_STATUS ( 'not_yet_approved' ) ;
#636 = AXIS2_PLACEMENT_3D ( 'NONE', #726, #518, #1019 ) ;
#637 = CARTESIAN_POINT ( 'NONE',  ( 3.875000000000000444, 0.4999999999999805156, 2.562499999999995559 ) ) ;
#638 = EDGE_CURVE ( 'NONE', #1433, #199, #1194, .T. ) ;
#639 = ORIENTED_EDGE ( 'NONE', *, *, #743, .T. ) ;
#640 = CARTESIAN_POINT ( 'NONE',  ( -1.499999999999999334, 1.312500000000000000, -4.000000000000000000 ) ) ;
#641 = ORIENTED_EDGE ( 'NONE', *, *, #1237, .F. ) ;
#642 = CARTESIAN_POINT ( 'NONE',  ( -3.874999999999999556, 1.312499999999998890, 1.125000000000000000 ) ) ;
#643 = EDGE_CURVE ( 'NONE', #181, #1430, #1586, .T. ) ;
#644 = DIRECTION ( 'NONE',  ( -1.000000000000000000, -0.000000000000000000, -0.000000000000000000 ) ) ;
#645 = DIRECTION ( 'NONE',  ( 0.000000000000000000, 0.000000000000000000, 1.000000000000000000 ) ) ;
#646 = DIRECTION ( 'NONE',  ( 0.000000000000000000, 0.000000000000000000, -1.000000000000000000 ) ) ;
#647 = VECTOR ( 'NONE', #44, 39.37007874015748143 ) ;
#648 = ORIENTED_EDGE ( 'NONE', *, *, #262, .F. ) ;
#649 = CARTESIAN_POINT ( 'NONE',  ( 3.875000000000000444, 2.500000000000000000, 3.500000000000000000 ) ) ;
#650 = EDGE_CURVE ( 'NONE', #891, #197, #554, .T. ) ;
#651 = AXIS2_PLACEMENT_3D ( 'NONE', #415, #166, #791 ) ;
#652 = DIRECTION ( 'NONE',  ( 1.000000000000000000, 0.000000000000000000, 0.000000000000000000 ) ) ;
#653 = DIRECTION ( 'NONE',  ( -1.000000000000000000, -0.000000000000000000, -0.000000000000000000 ) ) ;
#654 = ORIENTED_EDGE ( 'NONE', *, *, #822, .F. ) ;
#655 = DIRECTION ( 'NONE',  ( -1.000000000000000000, 0.000000000000000000, 0.000000000000000000 ) ) ;
#656 = ORIENTED_EDGE ( 'NONE', *, *, #1108, .T. ) ;
#657 = LINE ( 'NONE', #916, #1426 ) ;
#658 = ORIENTED_EDGE ( 'NONE', *, *, #784, .F. ) ;
#659 = CARTESIAN_POINT ( 'NONE',  ( 4.000000000000000000, 2.500000000000000000, 3.624999999999999556 ) ) ;
#660 = DIRECTION ( 'NONE',  ( -1.000000000000000000, 0.000000000000000000, -0.000000000000000000 ) ) ;
#661 = AXIS2_PLACEMENT_3D ( 'NONE', #840, #442, #433 ) ;
#662 = AXIS2_PLACEMENT_3D ( 'NONE', #307, #1415, #420 ) ;
#663 = EDGE_LOOP ( 'NONE', ( #350, #378, #1505, #658 ) ) ;
#664 = DIRECTION ( 'NONE',  ( -0.000000000000000000, 1.000000000000000000, -0.000000000000000000 ) ) ;
#665 = VECTOR ( 'NONE', #495, 39.37007874015748143 ) ;
#666 = EDGE_LOOP ( 'NONE', ( #406, #648 ) ) ;
#667 = ADVANCED_FACE ( 'NONE', ( #1478 ), #236, .F. ) ;
#668 = LINE ( 'NONE', #1179, #586 ) ;
#669 = VERTEX_POINT ( 'NONE', #989 ) ;
#670 = CARTESIAN_POINT ( 'NONE',  ( 4.000000000000000000, 0.000000000000000000, 4.000000000000000000 ) ) ;
#671 = CARTESIAN_POINT ( 'NONE',  ( 3.875000000000000444, 0.4999999999999805156, 2.750000000000003109 ) ) ;
#672 = ORIENTED_EDGE ( 'NONE', *, *, #1541, .T. ) ;
#673 = FACE_OUTER_BOUND ( 'NONE', #1032, .T. ) ;
#674 = ORIENTED_EDGE ( 'NONE', *, *, #182, .T. ) ;
#675 = CARTESIAN_POINT ( 'NONE',  ( -4.000000000000000000, 1.312499999999990230, 2.375000000000000000 ) ) ;
#676 = ADVANCED_FACE ( 'NONE', ( #995 ), #476, .F. ) ;
#677 = VERTEX_POINT ( 'NONE', #1495 ) ;
#678 = EDGE_CURVE ( 'NONE', #944, #241, #1005, .T. ) ;
#679 = CARTESIAN_POINT ( 'NONE',  ( 3.875000000000000444, 0.8750000000000006661, -1.250000000000000000 ) ) ;
#680 = VECTOR ( 'NONE', #1632, 39.37007874015748143 ) ;
#681 = CARTESIAN_POINT ( 'NONE',  ( 4.000039370078740220, 1.312499999999991340, -1.375000000000000000 ) ) ;
#682 = EDGE_CURVE ( 'NONE', #247, #1616, #1585, .T. ) ;
#683 = EDGE_LOOP ( 'NONE', ( #370, #1010, #1158, #394 ) ) ;
#684 = CARTESIAN_POINT ( 'NONE',  ( -3.874999999999999556, 0.1250000000000004441, 3.875000000000000000 ) ) ;
#685 = VERTEX_POINT ( 'NONE', #366 ) ;
#686 = CARTESIAN_POINT ( 'NONE',  ( -1.499999999999999334, 1.312500000000000000, -4.000000000000000000 ) ) ;
#687 = ORIENTED_EDGE ( 'NONE', *, *, #650, .F. ) ;
#688 = DIRECTION ( 'NONE',  ( -1.000000000000000000, -0.000000000000000000, -0.000000000000000000 ) ) ;
#689 = VECTOR ( 'NONE', #127, 39.37007874015748143 ) ;
#690 = CARTESIAN_POINT ( 'NONE',  ( 4.000039370078740220, 1.312500000000000000, -0.1250000000000000000 ) ) ;
#691 = VECTOR ( 'NONE', #1583, 39.37007874015748143 ) ;
#692 = CARTESIAN_POINT ( 'NONE',  ( 4.000039370078740220, 1.687499999999991118, -2.375000000000000000 ) ) ;
#693 = DIRECTION ( 'NONE',  ( -1.000000000000000000, 0.000000000000000000, 0.000000000000000000 ) ) ;
#694 = ORIENTED_EDGE ( 'NONE', *, *, #1480, .T. ) ;
#695 = FACE_OUTER_BOUND ( 'NONE', #818, .T. ) ;
#696 = VECTOR ( 'NONE', #1098, 39.37007874015748143 ) ;
#697 = AXIS2_PLACEMENT_3D ( 'NONE', #26, #531, #1168 ) ;
#698 = ORIENTED_EDGE ( 'NONE', *, *, #638, .T. ) ;
#699 = CALENDAR_DATE ( 2026, 19, 4 ) ;
#700 = LINE ( 'NONE', #690, #875 ) ;
#701 = EDGE_CURVE ( 'NONE', #1577, #1239, #1086, .T. ) ;
#702 = CARTESIAN_POINT ( 'NONE',  ( 4.000039370078740220, 1.312499999999998890, 0.1250000000000000000 ) ) ;
#703 = LINE ( 'NONE', #1197, #440 ) ;
#704 = ORIENTED_EDGE ( 'NONE', *, *, #1334, .T. ) ;
#705 = LINE ( 'NONE', #959, #1396 ) ;
#706 = ORIENTED_EDGE ( 'NONE', *, *, #909, .T. ) ;
#707 = MECHANICAL_CONTEXT ( 'NONE', #490, 'mechanical' ) ;
#708 = CARTESIAN_POINT ( 'NONE',  ( -4.000000000000000000, 1.687500000000000000, -0.1250000000000000278 ) ) ;
#709 = FACE_OUTER_BOUND ( 'NONE', #609, .T. ) ;
#710 = LINE ( 'NONE', #469, #126 ) ;
#711 = EDGE_LOOP ( 'NONE', ( #1, #1624, #42, #438 ) ) ;
#712 = CYLINDRICAL_SURFACE ( 'NONE', #188, 0.1875000000000077716 ) ;
#713 = ORIENTED_EDGE ( 'NONE', *, *, #914, .F. ) ;
#714 = CALENDAR_DATE ( 2026, 19, 4 ) ;
#715 = DIRECTION ( 'NONE',  ( 0.000000000000000000, 0.000000000000000000, 1.000000000000000000 ) ) ;
#716 = PLANE ( 'NONE',  #1112 ) ;
#717 = PLANE ( 'NONE',  #1268 ) ;
#718 = ORIENTED_EDGE ( 'NONE', *, *, #499, .T. ) ;
#719 = FACE_OUTER_BOUND ( 'NONE', #512, .T. ) ;
#720 = VECTOR ( 'NONE', #1057, 39.37007874015748143 ) ;
#721 = EDGE_CURVE ( 'NONE', #795, #501, #296, .T. ) ;
#722 = AXIS2_PLACEMENT_3D ( 'NONE', #227, #273, #143 ) ;
#723 = EDGE_LOOP ( 'NONE', ( #729, #9, #704, #308 ) ) ;
#724 = VECTOR ( 'NONE', #763, 39.37007874015748143 ) ;
#725 = APPROVAL_ROLE ( '' ) ;
#726 = CARTESIAN_POINT ( 'NONE',  ( -2.499999999999999112, 1.312500000000000000, 4.000039370078740220 ) ) ;
#727 = CARTESIAN_POINT ( 'NONE',  ( 4.000039370078740220, 1.312499999999991340, -2.375000000000000000 ) ) ;
#728 = ADVANCED_FACE ( 'NONE', ( #774 ), #220, .F. ) ;
#729 = ORIENTED_EDGE ( 'NONE', *, *, #1515, .F. ) ;
#730 = DIRECTION ( 'NONE',  ( 0.000000000000000000, 0.000000000000000000, 1.000000000000000000 ) ) ;
#731 = EDGE_LOOP ( 'NONE', ( #1566, #1181, #316, #1381 ) ) ;
#732 = PERSON_AND_ORGANIZATION_ROLE ( 'creator' ) ;
#733 = DIRECTION ( 'NONE',  ( 1.000000000000000000, 0.000000000000000000, -0.000000000000000000 ) ) ;
#734 = VECTOR ( 'NONE', #343, 39.37007874015748143 ) ;
#735 = DIRECTION ( 'NONE',  ( -1.000000000000000000, 0.000000000000000000, 0.000000000000000000 ) ) ;
#736 = EDGE_CURVE ( 'NONE', #859, #1461, #741, .T. ) ;
#737 = ORIENTED_EDGE ( 'NONE', *, *, #267, .F. ) ;
#738 = DIRECTION ( 'NONE',  ( 0.000000000000000000, 0.000000000000000000, 1.000000000000000000 ) ) ;
#739 = ORIENTED_EDGE ( 'NONE', *, *, #235, .F. ) ;
#740 = DATE_AND_TIME ( #1494, #203 ) ;
#741 = LINE ( 'NONE', #1363, #1376 ) ;
#742 = FACE_OUTER_BOUND ( 'NONE', #57, .T. ) ;
#743 = EDGE_CURVE ( 'NONE', #967, #525, #597, .T. ) ;
#744 = VECTOR ( 'NONE', #982, 39.37007874015748143 ) ;
#745 = EDGE_LOOP ( 'NONE', ( #1155, #295, #179, #737 ) ) ;
#746 = DIRECTION ( 'NONE',  ( -0.000000000000000000, -0.000000000000000000, 1.000000000000000000 ) ) ;
#747 = ORIENTED_EDGE ( 'NONE', *, *, #1116, .T. ) ;
#748 = EDGE_CURVE ( 'NONE', #1402, #1582, #99, .T. ) ;
#749 = DIRECTION ( 'NONE',  ( 0.000000000000000000, 0.000000000000000000, -1.000000000000000000 ) ) ;
#750 = VECTOR ( 'NONE', #391, 39.37007874015748143 ) ;
#751 = VECTOR ( 'NONE', #285, 39.37007874015748143 ) ;
#752 = LINE ( 'NONE', #1009, #1526 ) ;
#753 = EDGE_CURVE ( 'NONE', #261, #1206, #1487, .T. ) ;
#754 = ORIENTED_EDGE ( 'NONE', *, *, #358, .F. ) ;
#755 = CARTESIAN_POINT ( 'NONE',  ( -3.874999999999999556, 1.312499999999991340, -2.375000000000000000 ) ) ;
#756 = VERTEX_POINT ( 'NONE', #642 ) ;
#757 = DIRECTION ( 'NONE',  ( 0.000000000000000000, 0.000000000000000000, 1.000000000000000000 ) ) ;
#758 = ORIENTED_EDGE ( 'NONE', *, *, #329, .F. ) ;
#759 = DIRECTION ( 'NONE',  ( 1.000000000000000000, 0.000000000000000000, 0.000000000000000000 ) ) ;
#760 = VECTOR ( 'NONE', #134, 39.37007874015748143 ) ;
#761 = EDGE_LOOP ( 'NONE', ( #1163, #547, #403, #933 ) ) ;
#762 = ADVANCED_FACE ( 'NONE', ( #360 ), #1398, .T. ) ;
#763 = DIRECTION ( 'NONE',  ( -1.000000000000000000, -0.000000000000000000, -0.000000000000000000 ) ) ;
#764 = VERTEX_POINT ( 'NONE', #109 ) ;
#765 = DIRECTION ( 'NONE',  ( -1.000000000000000000, -0.000000000000000000, -0.000000000000000000 ) ) ;
#766 = ORIENTED_EDGE ( 'NONE', *, *, #1275, .F. ) ;
#767 = EDGE_CURVE ( 'NONE', #1063, #1433, #1154, .T. ) ;
#768 = SHAPE_DEFINITION_REPRESENTATION ( #1471, #238 ) ;
#769 = PLANE ( 'NONE',  #1090 ) ;
#770 = CIRCLE ( 'NONE', #1615, 0.1249999999999999584 ) ;
#771 = CARTESIAN_POINT ( 'NONE',  ( 4.000039370078740220, 1.687499999999990230, 1.375000000000000000 ) ) ;
#772 = CYLINDRICAL_SURFACE ( 'NONE', #256, 0.1249999999999999029 ) ;
#773 = VERTEX_POINT ( 'NONE', #1369 ) ;
#774 = FACE_OUTER_BOUND ( 'NONE', #731, .T. ) ;
#775 = CARTESIAN_POINT ( 'NONE',  ( 4.000039370078740220, 1.312500000000000000, -0.1250000000000000000 ) ) ;
#776 = ORIENTED_EDGE ( 'NONE', *, *, #682, .T. ) ;
#777 = FACE_OUTER_BOUND ( 'NONE', #453, .T. ) ;
#778 = AXIS2_PLACEMENT_3D ( 'NONE', #552, #812, #407 ) ;
#779 = VERTEX_POINT ( 'NONE', #1612 ) ;
#780 = CARTESIAN_POINT ( 'NONE',  ( 4.000000000000000000, 0.4999999999999805156, 2.250000000000003109 ) ) ;
#781 = ORIENTED_EDGE ( 'NONE', *, *, #1058, .F. ) ;
#782 = DIRECTION ( 'NONE',  ( 0.000000000000000000, 0.000000000000000000, -1.000000000000000000 ) ) ;
#783 = CARTESIAN_POINT ( 'NONE',  ( 4.000000472440944144, 0.4999999999999805156, 1.562499999999995337 ) ) ;
#784 = EDGE_CURVE ( 'NONE', #17, #128, #1111, .T. ) ;
#785 = CARTESIAN_POINT ( 'NONE',  ( 0.000000000000000000, 0.1250000000000004441, 0.000000000000000000 ) ) ;
#786 = DIRECTION ( 'NONE',  ( -0.000000000000000000, -1.000000000000000000, -0.000000000000000000 ) ) ;
#787 = EDGE_CURVE ( 'NONE', #1228, #1467, #862, .T. ) ;
#788 = ORIENTED_EDGE ( 'NONE', *, *, #457, .T. ) ;
#789 = PLANE ( 'NONE',  #1088 ) ;
#790 = EDGE_LOOP ( 'NONE', ( #1172, #917, #639, #654 ) ) ;
#791 = DIRECTION ( 'NONE',  ( 0.000000000000000000, 0.000000000000000000, 1.000000000000000000 ) ) ;
#792 = CARTESIAN_POINT ( 'NONE',  ( 4.000000000000000000, 0.1249999999999993477, 3.999999999999999556 ) ) ;
#793 = AXIS2_PLACEMENT_3D ( 'NONE', #1429, #450, #193 ) ;
#794 = VECTOR ( 'NONE', #1300, 39.37007874015748143 ) ;
#795 = VERTEX_POINT ( 'NONE', #1242 ) ;
#796 = CARTESIAN_POINT ( 'NONE',  ( -2.499999999999999112, 1.312500000000000000, -3.874999999999999556 ) ) ;
#797 = EDGE_CURVE ( 'NONE', #832, #915, #494, .T. ) ;
#798 = VECTOR ( 'NONE', #138, 39.37007874015748143 ) ;
#799 = EDGE_LOOP ( 'NONE', ( #1374, #254, #1137, #1549 ) ) ;
#800 = EDGE_CURVE ( 'NONE', #1125, #1467, #315, .T. ) ;
#801 = DIRECTION ( 'NONE',  ( 1.000000000000000000, -0.000000000000000000, -0.000000000000000000 ) ) ;
#802 = EDGE_LOOP ( 'NONE', ( #1218, #911, #1501, #1453 ) ) ;
#803 = LINE ( 'NONE', #1029, #309 ) ;
#804 = DIRECTION ( 'NONE',  ( -1.000000000000000000, -0.000000000000000000, -0.000000000000000000 ) ) ;
#805 = MANIFOLD_SOLID_BREP ( 'Cut-Extrude4', #1533 ) ;
#806 = ORIENTED_EDGE ( 'NONE', *, *, #972, .T. ) ;
#807 = CARTESIAN_POINT ( 'NONE',  ( 4.000000472440944144, 2.500000000000000000, 3.375000000000000000 ) ) ;
#808 = ORIENTED_EDGE ( 'NONE', *, *, #1008, .T. ) ;
#809 = DIRECTION ( 'NONE',  ( 0.000000000000000000, -0.000000000000000000, 1.000000000000000000 ) ) ;
#810 = CC_DESIGN_APPROVAL ( #627, ( #599 ) ) ;
#811 = ORIENTED_EDGE ( 'NONE', *, *, #620, .F. ) ;
#812 = DIRECTION ( 'NONE',  ( 1.000000000000000000, -0.000000000000000000, -0.000000000000000000 ) ) ;
#813 = VECTOR ( 'NONE', #1382, 39.37007874015748143 ) ;
#814 = DIRECTION ( 'NONE',  ( 0.000000000000000000, 0.000000000000000000, -1.000000000000000000 ) ) ;
#815 = EDGE_CURVE ( 'NONE', #628, #1267, #657, .T. ) ;
#816 = DIRECTION ( 'NONE',  ( -1.000000000000000000, 0.000000000000000000, -0.000000000000000000 ) ) ;
#817 = DIRECTION ( 'NONE',  ( 1.000000000000000000, 0.000000000000000000, 0.000000000000000000 ) ) ;
#818 = EDGE_LOOP ( 'NONE', ( #1025, #86, #687, #1388 ) ) ;
#819 = FACE_BOUND ( 'NONE', #761, .T. ) ;
#820 = ORIENTED_EDGE ( 'NONE', *, *, #10, .T. ) ;
#821 = ADVANCED_FACE ( 'NONE', ( #288 ), #789, .F. ) ;
#822 = EDGE_CURVE ( 'NONE', #1556, #525, #412, .T. ) ;
#823 = DIRECTION ( 'NONE',  ( 0.000000000000000000, -1.000000000000000000, 0.000000000000000000 ) ) ;
#824 = VECTOR ( 'NONE', #600, 39.37007874015748143 ) ;
#825 = PRODUCT_RELATED_PRODUCT_CATEGORY ( 'detail', '', ( #1296 ) ) ;
#826 = CARTESIAN_POINT ( 'NONE',  ( 4.000039370078740220, 1.312499999999990230, 1.375000000000000000 ) ) ;
#827 = CARTESIAN_POINT ( 'NONE',  ( -3.874999999999999556, 1.312500000000000000, -1.125000000000000000 ) ) ;
#828 = DIRECTION ( 'NONE',  ( -1.000000000000000000, 0.000000000000000000, 0.000000000000000000 ) ) ;
#829 = EDGE_LOOP ( 'NONE', ( #19, #121, #1274, #758 ) ) ;
#830 = DIRECTION ( 'NONE',  ( 0.000000000000000000, 1.000000000000000000, 0.000000000000000000 ) ) ;
#831 = AXIS2_PLACEMENT_3D ( 'NONE', #1297, #286, #1271 ) ;
#832 = VERTEX_POINT ( 'NONE', #534 ) ;
#833 = LINE ( 'NONE', #1211, #734 ) ;
#834 = CARTESIAN_POINT ( 'NONE',  ( 4.000000000000000000, 3.000000000000000444, -4.000000000000000000 ) ) ;
#835 = CARTESIAN_POINT ( 'NONE',  ( -1.499999999999999334, 1.687500000000000000, -4.000000000000000000 ) ) ;
#836 = CARTESIAN_POINT ( 'NONE',  ( 3.875000000000000444, 0.1250000000000004441, -3.874999999999999556 ) ) ;
#837 = ORIENTED_EDGE ( 'NONE', *, *, #592, .F. ) ;
#838 = CARTESIAN_POINT ( 'NONE',  ( 4.000000472440944144, 0.4999999999999805156, 1.750000000000003109 ) ) ;
#839 = ORIENTED_EDGE ( 'NONE', *, *, #863, .F. ) ;
#840 = CARTESIAN_POINT ( 'NONE',  ( -1.499999999999999334, 1.312500000000000000, 4.000039370078740220 ) ) ;
#841 = DIRECTION ( 'NONE',  ( -0.000000000000000000, 0.000000000000000000, 1.000000000000000000 ) ) ;
#842 = DIRECTION ( 'NONE',  ( -1.000000000000000000, 0.000000000000000000, 0.000000000000000000 ) ) ;
#843 = EDGE_CURVE ( 'NONE', #773, #764, #180, .T. ) ;
#844 = ORIENTED_EDGE ( 'NONE', *, *, #372, .T. ) ;
#845 = CARTESIAN_POINT ( 'NONE',  ( 4.000000472440944144, 0.4999999999999805156, 2.750000000000003109 ) ) ;
#846 = ORIENTED_EDGE ( 'NONE', *, *, #613, .F. ) ;
#847 = APPLICATION_PROTOCOL_DEFINITION ( 'international standard', 'config_control_design', 1994, #1138 ) ;
#848 = CARTESIAN_POINT ( 'NONE',  ( 4.000000000000000000, 0.4999999999999805156, 1.750000000000003109 ) ) ;
#849 = CARTESIAN_POINT ( 'NONE',  ( -3.874999999999999556, 1.312499999999990230, 2.375000000000000000 ) ) ;
#850 = VECTOR ( 'NONE', #1484, 39.37007874015748143 ) ;
#851 = EDGE_CURVE ( 'NONE', #1037, #1000, #221, .T. ) ;
#852 = VERTEX_POINT ( 'NONE', #925 ) ;
#853 = CARTESIAN_POINT ( 'NONE',  ( -3.874999999999999556, 1.312500000000000000, -0.1250000000000000000 ) ) ;
#854 = EDGE_CURVE ( 'NONE', #49, #241, #934, .T. ) ;
#855 = ORIENTED_EDGE ( 'NONE', *, *, #643, .F. ) ;
#856 = DIRECTION ( 'NONE',  ( -1.000000000000000000, -0.000000000000000000, -0.000000000000000000 ) ) ;
#857 = EDGE_CURVE ( 'NONE', #133, #130, #1188, .T. ) ;
#858 = CARTESIAN_POINT ( 'NONE',  ( 3.875000000000000444, 0.4999999999999805156, 1.437500000000011102 ) ) ;
#859 = VERTEX_POINT ( 'NONE', #40 ) ;
#860 = CARTESIAN_POINT ( 'NONE',  ( 4.000000472440944144, 0.4999999999999805156, 2.250000000000003109 ) ) ;
#861 = ORIENTED_EDGE ( 'NONE', *, *, #1334, .F. ) ;
#862 = LINE ( 'NONE', #116, #7 ) ;
#863 = EDGE_CURVE ( 'NONE', #199, #1125, #280, .T. ) ;
#864 = LOCAL_TIME ( 18, 34, 58.00000000000000000, #1341 ) ;
#865 = DIRECTION ( 'NONE',  ( 0.000000000000000000, 0.000000000000000000, 1.000000000000000000 ) ) ;
#866 = ORIENTED_EDGE ( 'NONE', *, *, #678, .F. ) ;
#867 = CARTESIAN_POINT ( 'NONE',  ( -4.000000000000000000, 1.687499999999990230, 2.375000000000000000 ) ) ;
#868 = ORIENTED_EDGE ( 'NONE', *, *, #351, .T. ) ;
#869 = APPROVAL ( #1094, 'UNSPECIFIED' ) ;
#870 = DIRECTION ( 'NONE',  ( -0.000000000000000000, -0.000000000000000000, 1.000000000000000000 ) ) ;
#871 = DIRECTION ( 'NONE',  ( 0.000000000000000000, 0.000000000000000000, 1.000000000000000000 ) ) ;
#872 = ORIENTED_EDGE ( 'NONE', *, *, #899, .T. ) ;
#873 = LINE ( 'NONE', #1252, #680 ) ;
#874 = ORIENTED_EDGE ( 'NONE', *, *, #1072, .T. ) ;
#875 = VECTOR ( 'NONE', #804, 39.37007874015748143 ) ;
#876 = VECTOR ( 'NONE', #344, 39.37007874015748143 ) ;
#877 = AXIS2_PLACEMENT_3D ( 'NONE', #1481, #110, #865 ) ;
#878 = LINE ( 'NONE', #361, #744 ) ;
#879 = ORIENTED_EDGE ( 'NONE', *, *, #1541, .F. ) ;
#880 = FACE_BOUND ( 'NONE', #666, .T. ) ;
#881 = ORIENTED_EDGE ( 'NONE', *, *, #1152, .T. ) ;
#882 = EDGE_CURVE ( 'NONE', #924, #1483, #668, .T. ) ;
#883 = PERSON_AND_ORGANIZATION_ROLE ( 'classification_officer' ) ;
#884 = CARTESIAN_POINT ( 'NONE',  ( -4.000000000000000000, 1.312499999999991340, -1.375000000000000000 ) ) ;
#885 = ORIENTED_EDGE ( 'NONE', *, *, #1142, .F. ) ;
#886 = LINE ( 'NONE', #497, #1017 ) ;
#887 = EDGE_CURVE ( 'NONE', #1135, #535, #1171, .T. ) ;
#888 = AXIS2_PLACEMENT_3D ( 'NONE', #248, #6, #1265 ) ;
#889 = EDGE_LOOP ( 'NONE', ( #1608, #866 ) ) ;
#890 = APPROVAL_DATE_TIME ( #740, #627 ) ;
#891 = VERTEX_POINT ( 'NONE', #50 ) ;
#892 = LINE ( 'NONE', #132, #31 ) ;
#893 = ORIENTED_EDGE ( 'NONE', *, *, #1114, .T. ) ;
#894 = CARTESIAN_POINT ( 'NONE',  ( 4.000000472440944144, 0.4999999999999805156, 2.062499999999995115 ) ) ;
#895 = VERTEX_POINT ( 'NONE', #1044 ) ;
#896 = CARTESIAN_POINT ( 'NONE',  ( 4.000000472440944144, 0.1249999999999999029, -0.5000000000000000000 ) ) ;
#897 = AXIS2_PLACEMENT_3D ( 'NONE', #1062, #1558, #153 ) ;
#898 = LINE ( 'NONE', #1276, #1428 ) ;
#899 = EDGE_CURVE ( 'NONE', #852, #1352, #1115, .T. ) ;
#900 = VECTOR ( 'NONE', #664, 39.37007874015748143 ) ;
#901 = VECTOR ( 'NONE', #1213, 39.37007874015748143 ) ;
#902 = PLANE ( 'NONE',  #616 ) ;
#903 = DIRECTION ( 'NONE',  ( 0.000000000000000000, 0.000000000000000000, -1.000000000000000000 ) ) ;
#904 = ORIENTED_EDGE ( 'NONE', *, *, #65, .T. ) ;
#905 = DIRECTION ( 'NONE',  ( -0.000000000000000000, -0.000000000000000000, 1.000000000000000000 ) ) ;
#906 = ORIENTED_EDGE ( 'NONE', *, *, #1020, .T. ) ;
#907 = ADVANCED_FACE ( 'NONE', ( #1053 ), #541, .F. ) ;
#908 = DIRECTION ( 'NONE',  ( 0.000000000000000000, 1.000000000000000000, 0.000000000000000000 ) ) ;
#909 = EDGE_CURVE ( 'NONE', #1483, #1135, #429, .T. ) ;
#910 = LINE ( 'NONE', #1174, #1508 ) ;
#911 = ORIENTED_EDGE ( 'NONE', *, *, #262, .T. ) ;
#912 = CARTESIAN_POINT ( 'NONE',  ( -1.499999999999999334, 1.312500000000000000, 4.000039370078740220 ) ) ;
#913 =( GEOMETRIC_REPRESENTATION_CONTEXT ( 3 ) GLOBAL_UNCERTAINTY_ASSIGNED_CONTEXT ( ( #1629 ) ) GLOBAL_UNIT_ASSIGNED_CONTEXT ( ( #72, #475, #98 ) ) REPRESENTATION_CONTEXT ( 'NONE', 'WORKASPACE' ) );
#914 = EDGE_CURVE ( 'NONE', #46, #944, #1318, .T. ) ;
#915 = VERTEX_POINT ( 'NONE', #1565 ) ;
#916 = CARTESIAN_POINT ( 'NONE',  ( -4.000000000000000000, 1.312499999999998890, 1.125000000000000000 ) ) ;
#917 = ORIENTED_EDGE ( 'NONE', *, *, #613, .T. ) ;
#918 = LINE ( 'NONE', #173, #1209 ) ;
#919 = CC_DESIGN_PERSON_AND_ORGANIZATION_ASSIGNMENT ( #379, #883, ( #599 ) ) ;
#920 = CARTESIAN_POINT ( 'NONE',  ( 4.000000000000000000, 3.000000000000000444, -1.249999999999998890 ) ) ;
#921 = ADVANCED_FACE ( 'NONE', ( #437, #1443, #30, #1530, #819, #189, #695 ), #1035, .F. ) ;
#922 = VERTEX_POINT ( 'NONE', #1592 ) ;
#923 = DIRECTION ( 'NONE',  ( 0.000000000000000000, 0.000000000000000000, -1.000000000000000000 ) ) ;
#924 = VERTEX_POINT ( 'NONE', #464 ) ;
#925 = CARTESIAN_POINT ( 'NONE',  ( 4.000000000000000000, 0.4999999999999805156, 2.437500000000010658 ) ) ;
#926 = ORIENTED_EDGE ( 'NONE', *, *, #213, .T. ) ;
#927 = FACE_BOUND ( 'NONE', #1161, .T. ) ;
#928 = CARTESIAN_POINT ( 'NONE',  ( -3.874999999999999556, 0.1250000000000004441, -3.874999999999999556 ) ) ;
#929 = VECTOR ( 'NONE', #1439, 39.37007874015748143 ) ;
#930 = VECTOR ( 'NONE', #870, 39.37007874015748143 ) ;
#931 = CARTESIAN_POINT ( 'NONE',  ( 4.000000472440944144, 0.8750000000000006661, -1.250000000000000000 ) ) ;
#932 = DIRECTION ( 'NONE',  ( -0.000000000000000000, 0.000000000000000000, 1.000000000000000000 ) ) ;
#933 = ORIENTED_EDGE ( 'NONE', *, *, #372, .F. ) ;
#934 = LINE ( 'NONE', #1288, #1291 ) ;
#935 = EDGE_LOOP ( 'NONE', ( #60, #631 ) ) ;
#936 = EDGE_CURVE ( 'NONE', #197, #832, #1217, .T. ) ;
#937 = LINE ( 'NONE', #564, #1493 ) ;
#938 = FACE_OUTER_BOUND ( 'NONE', #1092, .T. ) ;
#939 = DIRECTION ( 'NONE',  ( 1.000000000000000000, 0.000000000000000000, -0.000000000000000000 ) ) ;
#940 = CARTESIAN_POINT ( 'NONE',  ( -4.000000000000000000, 1.312499999999991340, -2.375000000000000000 ) ) ;
#941 = ORIENTED_EDGE ( 'NONE', *, *, #319, .T. ) ;
#942 = ADVANCED_FACE ( 'NONE', ( #105 ), #84, .F. ) ;
#943 = DIRECTION ( 'NONE',  ( 0.000000000000000000, 1.000000000000000000, 0.000000000000000000 ) ) ;
#944 = VERTEX_POINT ( 'NONE', #348 ) ;
#945 = PLANE ( 'NONE',  #230 ) ;
#946 = LINE ( 'NONE', #80, #294 ) ;
#947 = FACE_OUTER_BOUND ( 'NONE', #277, .T. ) ;
#948 = DIRECTION ( 'NONE',  ( -1.000000000000000000, -0.000000000000000000, -0.000000000000000000 ) ) ;
#949 = ORIENTED_EDGE ( 'NONE', *, *, #854, .T. ) ;
#950 = CARTESIAN_POINT ( 'NONE',  ( 4.000000000000000000, 0.1250000000000000000, -1.250000000000000000 ) ) ;
#951 = ORIENTED_EDGE ( 'NONE', *, *, #182, .F. ) ;
#952 = CARTESIAN_POINT ( 'NONE',  ( 3.875000000000000444, 0.4999999999999805156, 2.437500000000010658 ) ) ;
#953 = VECTOR ( 'NONE', #1358, 39.37007874015748143 ) ;
#954 = DIRECTION ( 'NONE',  ( -0.000000000000000000, -1.000000000000000000, -0.000000000000000000 ) ) ;
#955 = DIRECTION ( 'NONE',  ( 0.000000000000000000, 0.000000000000000000, 1.000000000000000000 ) ) ;
#956 = FACE_BOUND ( 'NONE', #538, .T. ) ;
#957 = ORIENTED_EDGE ( 'NONE', *, *, #1152, .F. ) ;
#958 = VECTOR ( 'NONE', #1518, 39.37007874015748143 ) ;
#959 = CARTESIAN_POINT ( 'NONE',  ( -4.000000000000000000, 1.312499999999998890, 0.1250000000000000000 ) ) ;
#960 = AXIS2_PLACEMENT_3D ( 'NONE', #392, #1270, #645 ) ;
#961 = VERTEX_POINT ( 'NONE', #333 ) ;
#962 = DIRECTION ( 'NONE',  ( -1.000000000000000000, -0.000000000000000000, -0.000000000000000000 ) ) ;
#963 = LINE ( 'NONE', #1212, #720 ) ;
#964 = ADVANCED_FACE ( 'NONE', ( #1346 ), #1330, .F. ) ;
#965 = FACE_BOUND ( 'NONE', #33, .T. ) ;
#966 = FACE_BOUND ( 'NONE', #1310, .T. ) ;
#967 = VERTEX_POINT ( 'NONE', #1466 ) ;
#968 = CARTESIAN_POINT ( 'NONE',  ( 4.000000472440944144, 0.4999999999999805156, 2.750000000000003109 ) ) ;
#969 = EDGE_LOOP ( 'NONE', ( #299, #274, #885, #1245 ) ) ;
#970 =( LENGTH_UNIT ( ) NAMED_UNIT ( * ) SI_UNIT ( $, .METRE. ) );
#971 = DIRECTION ( 'NONE',  ( 0.000000000000000000, 1.000000000000000000, -9.106159978880878627E-17 ) ) ;
#972 = EDGE_CURVE ( 'NONE', #1397, #69, #232, .T. ) ;
#973 = DIRECTION ( 'NONE',  ( 0.000000000000000000, 0.000000000000000000, 1.000000000000000000 ) ) ;
#974 = DIRECTION ( 'NONE',  ( -0.000000000000000000, 1.000000000000000000, 0.000000000000000000 ) ) ;
#975 = EDGE_CURVE ( 'NONE', #1191, #628, #705, .T. ) ;
#976 = ORIENTED_EDGE ( 'NONE', *, *, #1237, .T. ) ;
#977 = CARTESIAN_POINT ( 'NONE',  ( -3.874999999999999556, 1.312499999999998890, 1.125000000000000000 ) ) ;
#978 = EDGE_LOOP ( 'NONE', ( #413, #1361, #868, #1061 ) ) ;
#979 = PERSON_AND_ORGANIZATION_ROLE ( 'design_owner' ) ;
#980 = DIRECTION ( 'NONE',  ( 0.000000000000000000, 0.000000000000000000, -1.000000000000000000 ) ) ;
#981 = VECTOR ( 'NONE', #1448, 39.37007874015748143 ) ;
#982 = DIRECTION ( 'NONE',  ( 0.000000000000000000, 0.000000000000000000, -1.000000000000000000 ) ) ;
#983 = VECTOR ( 'NONE', #1100, 39.37007874015748143 ) ;
#984 = ORIENTED_EDGE ( 'NONE', *, *, #424, .T. ) ;
#985 = FACE_OUTER_BOUND ( 'NONE', #493, .T. ) ;
#986 = ORIENTED_EDGE ( 'NONE', *, *, #621, .F. ) ;
#987 = VECTOR ( 'NONE', #903, 39.37007874015748143 ) ;
#988 = DATE_AND_TIME ( #218, #385 ) ;
#989 = CARTESIAN_POINT ( 'NONE',  ( 3.875000000000000444, 0.4999999999999805156, 1.937500000000010880 ) ) ;
#990 = DIRECTION ( 'NONE',  ( -0.000000000000000000, -0.000000000000000000, -1.000000000000000000 ) ) ;
#991 = ORIENTED_EDGE ( 'NONE', *, *, #598, .T. ) ;
#992 = FACE_BOUND ( 'NONE', #1532, .T. ) ;
#993 = ADVANCED_FACE ( 'NONE', ( #719 ), #712, .F. ) ;
#994 = ORIENTED_EDGE ( 'NONE', *, *, #721, .F. ) ;
#995 = FACE_OUTER_BOUND ( 'NONE', #386, .T. ) ;
#996 = VECTOR ( 'NONE', #652, 39.37007874015748143 ) ;
#997 = LINE ( 'NONE', #727, #479 ) ;
#998 = ORIENTED_EDGE ( 'NONE', *, *, #1488, .T. ) ;
#999 = DIRECTION ( 'NONE',  ( -1.000000000000000000, 0.000000000000000000, 0.000000000000000000 ) ) ;
#1000 = VERTEX_POINT ( 'NONE', #1107 ) ;
#1001 = CARTESIAN_POINT ( 'NONE',  ( 4.000000472440944144, 2.500000000000000000, 3.624999999999999556 ) ) ;
#1002 = ORIENTED_EDGE ( 'NONE', *, *, #569, .T. ) ;
#1003 = DIRECTION ( 'NONE',  ( -1.000000000000000000, -0.000000000000000000, -0.000000000000000000 ) ) ;
#1004 = ORIENTED_EDGE ( 'NONE', *, *, #748, .T. ) ;
#1005 = CIRCLE ( 'NONE', #455, 0.1875000000000077716 ) ;
#1006 = VECTOR ( 'NONE', #971, 39.37007874015748143 ) ;
#1007 = VECTOR ( 'NONE', #16, 39.37007874015748143 ) ;
#1008 = EDGE_CURVE ( 'NONE', #305, #168, #1475, .T. ) ;
#1009 = CARTESIAN_POINT ( 'NONE',  ( 0.1249999999999999584, 1.500000000000000666, 4.000039370078740220 ) ) ;
#1010 = ORIENTED_EDGE ( 'NONE', *, *, #523, .T. ) ;
#1011 = CARTESIAN_POINT ( 'NONE',  ( -4.000000000000000000, 1.312499999999990230, 2.375000000000000000 ) ) ;
#1012 = EDGE_LOOP ( 'NONE', ( #1384, #568, #470, #781 ) ) ;
#1013 = DATE_TIME_ROLE ( 'classification_date' ) ;
#1014 = DIRECTION ( 'NONE',  ( 0.000000000000000000, 0.000000000000000000, -1.000000000000000000 ) ) ;
#1015 = DIRECTION ( 'NONE',  ( 0.000000000000000000, -0.000000000000000000, -1.000000000000000000 ) ) ;
#1016 = CARTESIAN_POINT ( 'NONE',  ( 4.000000472440944144, 0.4999999999999805156, 2.250000000000003109 ) ) ;
#1017 = VECTOR ( 'NONE', #765, 39.37007874015748143 ) ;
#1018 = ORIENTED_EDGE ( 'NONE', *, *, #1619, .F. ) ;
#1019 = DIRECTION ( 'NONE',  ( 0.000000000000000000, 0.000000000000000000, 1.000000000000000000 ) ) ;
#1020 = EDGE_CURVE ( 'NONE', #1397, #895, #1069, .T. ) ;
#1021 = CARTESIAN_POINT ( 'NONE',  ( -4.000000000000000000, 3.000000000000000444, 4.000000000000000000 ) ) ;
#1022 = CARTESIAN_POINT ( 'NONE',  ( -4.000000000000000000, 1.312499999999991340, -2.375000000000000000 ) ) ;
#1023 = DIRECTION ( 'NONE',  ( 1.000000000000000000, -0.000000000000000000, -0.000000000000000000 ) ) ;
#1024 = VECTOR ( 'NONE', #1238, 39.37007874015748143 ) ;
#1025 = ORIENTED_EDGE ( 'NONE', *, *, #1354, .T. ) ;
#1026 = DIRECTION ( 'NONE',  ( -0.000000000000000000, -0.000000000000000000, 1.000000000000000000 ) ) ;
#1027 = EDGE_CURVE ( 'NONE', #1556, #214, #1079, .T. ) ;
#1028 = EDGE_LOOP ( 'NONE', ( #806, #1199, #625, #1406 ) ) ;
#1029 = CARTESIAN_POINT ( 'NONE',  ( 4.000039370078740220, 1.687499999999998890, 0.1250000000000000278 ) ) ;
#1030 = LINE ( 'NONE', #920, #750 ) ;
#1031 = VECTOR ( 'NONE', #646, 39.37007874015748143 ) ;
#1032 = EDGE_LOOP ( 'NONE', ( #1289, #739, #482, #1378 ) ) ;
#1033 = CARTESIAN_POINT ( 'NONE',  ( -3.874999999999999556, 0.1250000000000004441, -3.874999999999999556 ) ) ;
#1034 = ORIENTED_EDGE ( 'NONE', *, *, #569, .F. ) ;
#1035 = PLANE ( 'NONE',  #611 ) ;
#1036 = PRODUCT_DEFINITION ( 'UNKNOWN', '', #414, #390 ) ;
#1037 = VERTEX_POINT ( 'NONE', #324 ) ;
#1038 = PLANE ( 'NONE',  #651 ) ;
#1039 = PERSON ( 'UNSPECIFIED', 'UNSPECIFIED', 'UNSPECIFIED', ('UNSPECIFIED'), ('UNSPECIFIED'), ('UNSPECIFIED') ) ;
#1040 = DIRECTION ( 'NONE',  ( 0.000000000000000000, -1.000000000000000000, 0.000000000000000000 ) ) ;
#1041 = ORIENTED_EDGE ( 'NONE', *, *, #1108, .F. ) ;
#1042 = LINE ( 'NONE', #684, #900 ) ;
#1043 = ORIENTED_EDGE ( 'NONE', *, *, #621, .T. ) ;
#1044 = CARTESIAN_POINT ( 'NONE',  ( 3.875000000000000444, 0.8750000000000006661, -1.250000000000000000 ) ) ;
#1045 = AXIS2_PLACEMENT_3D ( 'NONE', #610, #1395, #1491 ) ;
#1046 = ORIENTED_EDGE ( 'NONE', *, *, #1261, .F. ) ;
#1047 = CARTESIAN_POINT ( 'NONE',  ( -3.874999999999999556, 3.000000000000000444, 3.875000000000000000 ) ) ;
#1048 = DIRECTION ( 'NONE',  ( 0.000000000000000000, 0.000000000000000000, -1.000000000000000000 ) ) ;
#1049 = ORIENTED_EDGE ( 'NONE', *, *, #936, .F. ) ;
#1050 = CARTESIAN_POINT ( 'NONE',  ( -3.874999999999999556, 0.1250000000000004441, 3.875000000000000000 ) ) ;
#1051 = ADVANCED_FACE ( 'NONE', ( #1607 ), #1599, .F. ) ;
#1052 = ORIENTED_EDGE ( 'NONE', *, *, #216, .T. ) ;
#1053 = FACE_OUTER_BOUND ( 'NONE', #376, .T. ) ;
#1054 = EDGE_LOOP ( 'NONE', ( #474, #698, #540, #368 ) ) ;
#1055 = VECTOR ( 'NONE', #1026, 39.37007874015748143 ) ;
#1056 = PLANE ( 'NONE',  #1128 ) ;
#1057 = DIRECTION ( 'NONE',  ( 0.000000000000000000, -1.000000000000000000, -9.106159978880868767E-17 ) ) ;
#1058 = EDGE_CURVE ( 'NONE', #756, #480, #1338, .T. ) ;
#1059 = CARTESIAN_POINT ( 'NONE',  ( -4.000000000000000000, 1.687499999999998890, 1.125000000000000000 ) ) ;
#1060 = FACE_OUTER_BOUND ( 'NONE', #430, .T. ) ;
#1061 = ORIENTED_EDGE ( 'NONE', *, *, #131, .F. ) ;
#1062 = CARTESIAN_POINT ( 'NONE',  ( 4.000039370078740220, 1.312499999999991340, -2.375000000000000000 ) ) ;
#1063 = VERTEX_POINT ( 'NONE', #1353 ) ;
#1064 = LINE ( 'NONE', #310, #103 ) ;
#1065 = DIRECTION ( 'NONE',  ( -1.000000000000000000, -0.000000000000000000, -0.000000000000000000 ) ) ;
#1066 = FACE_BOUND ( 'NONE', #1012, .T. ) ;
#1067 = DIRECTION ( 'NONE',  ( 1.000000000000000000, 0.000000000000000000, 0.000000000000000000 ) ) ;
#1068 = ORIENTED_EDGE ( 'NONE', *, *, #1609, .T. ) ;
#1069 = LINE ( 'NONE', #1451, #691 ) ;
#1070 = VECTOR ( 'NONE', #782, 39.37007874015748143 ) ;
#1071 = ORIENTED_EDGE ( 'NONE', *, *, #216, .F. ) ;
#1072 = EDGE_CURVE ( 'NONE', #596, #1591, #1557, .T. ) ;
#1073 = LENGTH_MEASURE_WITH_UNIT ( LENGTH_MEASURE( 0.02539999999999999897 ), #970 );
#1074 = DIRECTION ( 'NONE',  ( -1.000000000000000000, -0.000000000000000000, -0.000000000000000000 ) ) ;
#1075 = APPROVAL_PERSON_ORGANIZATION ( #209, #159, #1322 ) ;
#1076 = LINE ( 'NONE', #1470, #322 ) ;
#1077 = CARTESIAN_POINT ( 'NONE',  ( 4.000000000000000000, 0.8750000000000006661, -1.250000000000000000 ) ) ;
#1078 = EDGE_LOOP ( 'NONE', ( #674, #1509, #1117, #347 ) ) ;
#1079 = LINE ( 'NONE', #853, #1613 ) ;
#1080 = ADVANCED_FACE ( 'NONE', ( #985 ), #481, .F. ) ;
#1081 = VERTEX_POINT ( 'NONE', #950 ) ;
#1082 = EDGE_CURVE ( 'NONE', #922, #465, #1266, .T. ) ;
#1083 = PERSON_AND_ORGANIZATION ( #1039, #362 ) ;
#1084 = CARTESIAN_POINT ( 'NONE',  ( 0.000000000000000000, 1.500000000000000666, -4.000000000000000000 ) ) ;
#1085 = CARTESIAN_POINT ( 'NONE',  ( -3.874999999999999556, 0.1250000000000004441, 3.875000000000000000 ) ) ;
#1086 = CIRCLE ( 'NONE', #507, 0.1249999999999999029 ) ;
#1087 = FACE_BOUND ( 'NONE', #1359, .T. ) ;
#1088 = AXIS2_PLACEMENT_3D ( 'NONE', #560, #1423, #809 ) ;
#1089 = ORIENTED_EDGE ( 'NONE', *, *, #767, .F. ) ;
#1090 = AXIS2_PLACEMENT_3D ( 'NONE', #1392, #1040, #1535 ) ;
#1091 = DIRECTION ( 'NONE',  ( -1.000000000000000000, 0.000000000000000000, 0.000000000000000000 ) ) ;
#1092 = EDGE_LOOP ( 'NONE', ( #281, #1170, #356, #340 ) ) ;
#1093 = EDGE_CURVE ( 'NONE', #480, #773, #207, .T. ) ;
#1094 = APPROVAL_STATUS ( 'not_yet_approved' ) ;
#1095 = CARTESIAN_POINT ( 'NONE',  ( -4.000000000000000000, 1.312499999999998890, 0.1250000000000000000 ) ) ;
#1096 = EDGE_CURVE ( 'NONE', #190, #1476, #1519, .T. ) ;
#1097 = FACE_OUTER_BOUND ( 'NONE', #542, .T. ) ;
#1098 = DIRECTION ( 'NONE',  ( 0.000000000000000000, 1.000000000000000000, 0.000000000000000000 ) ) ;
#1099 = ORIENTED_EDGE ( 'NONE', *, *, #1207, .T. ) ;
#1100 = DIRECTION ( 'NONE',  ( 0.000000000000000000, -1.000000000000000000, 0.000000000000000000 ) ) ;
#1101 = VERTEX_POINT ( 'NONE', #755 ) ;
#1102 = DIRECTION ( 'NONE',  ( 0.000000000000000000, 0.000000000000000000, 1.000000000000000000 ) ) ;
#1103 = DIRECTION ( 'NONE',  ( -1.000000000000000000, 0.000000000000000000, 0.000000000000000000 ) ) ;
#1104 = VECTOR ( 'NONE', #383, 39.37007874015748143 ) ;
#1105 = CARTESIAN_POINT ( 'NONE',  ( 3.875000000000000444, 0.4999999999999805156, 2.062499999999995115 ) ) ;
#1106 = VERTEX_POINT ( 'NONE', #1500 ) ;
#1107 = CARTESIAN_POINT ( 'NONE',  ( 4.000000000000000000, 0.4999999999999805156, 2.937500000000011102 ) ) ;
#1108 = EDGE_CURVE ( 'NONE', #1228, #1063, #252, .T. ) ;
#1109 = ORIENTED_EDGE ( 'NONE', *, *, #253, .F. ) ;
#1110 = PERSON_AND_ORGANIZATION_ROLE ( 'creator' ) ;
#1111 = LINE ( 'NONE', #614, #876 ) ;
#1112 = AXIS2_PLACEMENT_3D ( 'NONE', #1456, #816, #841 ) ;
#1113 = CARTESIAN_POINT ( 'NONE',  ( 4.000000472440944144, 0.4999999999999805156, 1.250000000000003331 ) ) ;
#1114 = EDGE_CURVE ( 'NONE', #1616, #247, #1180, .T. ) ;
#1115 = CIRCLE ( 'NONE', #398, 0.1875000000000077716 ) ;
#1116 = EDGE_CURVE ( 'NONE', #1144, #967, #1258, .T. ) ;
#1117 = ORIENTED_EDGE ( 'NONE', *, *, #478, .T. ) ;
#1118 = CARTESIAN_POINT ( 'NONE',  ( -3.874999999999999556, 1.312499999999990230, 1.375000000000000000 ) ) ;
#1119 = ORIENTED_EDGE ( 'NONE', *, *, #800, .T. ) ;
#1120 = AXIS2_PLACEMENT_3D ( 'NONE', #1555, #1023, #532 ) ;
#1121 = VECTOR ( 'NONE', #211, 39.37007874015748143 ) ;
#1122 = CARTESIAN_POINT ( 'NONE',  ( -1.499999999999999334, 1.312500000000000000, -3.874999999999999556 ) ) ;
#1123 = EDGE_CURVE ( 'NONE', #1582, #427, #873, .T. ) ;
#1124 = CARTESIAN_POINT ( 'NONE',  ( 4.000039370078740220, 1.312499999999991340, -1.375000000000000000 ) ) ;
#1125 = VERTEX_POINT ( 'NONE', #640 ) ;
#1126 = DIRECTION ( 'NONE',  ( -0.000000000000000000, -0.000000000000000000, 1.000000000000000000 ) ) ;
#1127 = EDGE_LOOP ( 'NONE', ( #1492, #855, #622, #879 ) ) ;
#1128 = AXIS2_PLACEMENT_3D ( 'NONE', #1568, #155, #544 ) ;
#1129 = CYLINDRICAL_SURFACE ( 'NONE', #242, 0.1875000000000077716 ) ;
#1130 = ORIENTED_EDGE ( 'NONE', *, *, #561, .F. ) ;
#1131 = CARTESIAN_POINT ( 'NONE',  ( -4.000000000000000000, 1.312500000000000000, -1.125000000000000000 ) ) ;
#1132 = ORIENTED_EDGE ( 'NONE', *, *, #553, .F. ) ;
#1133 = EDGE_CURVE ( 'NONE', #764, #756, #626, .T. ) ;
#1134 = CARTESIAN_POINT ( 'NONE',  ( -0.1249999999999999584, 1.500000000000000666, 4.000039370078740220 ) ) ;
#1135 = VERTEX_POINT ( 'NONE', #1011 ) ;
#1136 = FACE_OUTER_BOUND ( 'NONE', #239, .T. ) ;
#1137 = ORIENTED_EDGE ( 'NONE', *, *, #743, .F. ) ;
#1138 = APPLICATION_CONTEXT ( 'configuration controlled 3d designs of mechanical parts and assemblies' ) ;
#1139 = AXIS2_PLACEMENT_3D ( 'NONE', #20, #484, #733 ) ;
#1140 = VECTOR ( 'NONE', #163, 39.37007874015748143 ) ;
#1141 = EDGE_CURVE ( 'NONE', #535, #924, #129, .T. ) ;
#1142 = EDGE_CURVE ( 'NONE', #271, #1278, #269, .T. ) ;
#1143 = CARTESIAN_POINT ( 'NONE',  ( 3.875000000000000444, 0.4999999999999805156, 1.750000000000003109 ) ) ;
#1144 = VERTEX_POINT ( 'NONE', #113 ) ;
#1145 = CARTESIAN_POINT ( 'NONE',  ( -4.000000000000000000, 1.687499999999998890, 0.1250000000000000278 ) ) ;
#1146 = ADVANCED_FACE ( 'NONE', ( #1136 ), #377, .F. ) ;
#1147 = EDGE_LOOP ( 'NONE', ( #656, #718, #1119, #161 ) ) ;
#1148 = CARTESIAN_POINT ( 'NONE',  ( -4.000000000000000000, 3.000000000000000444, 4.000000000000000000 ) ) ;
#1149 = CARTESIAN_POINT ( 'NONE',  ( -1.499999999999999334, 1.312500000000000000, 4.000039370078740220 ) ) ;
#1150 = ORIENTED_EDGE ( 'NONE', *, *, #424, .F. ) ;
#1151 = CARTESIAN_POINT ( 'NONE',  ( 4.000000000000000000, 0.000000000000000000, 4.000000000000000000 ) ) ;
#1152 = EDGE_CURVE ( 'NONE', #677, #961, #1617, .T. ) ;
#1153 = ORIENTED_EDGE ( 'NONE', *, *, #66, .F. ) ;
#1154 = LINE ( 'NONE', #1122, #1351 ) ;
#1155 = ORIENTED_EDGE ( 'NONE', *, *, #1096, .T. ) ;
#1156 = CARTESIAN_POINT ( 'NONE',  ( 3.875000000000000444, 2.500000000000000000, 3.375000000000000000 ) ) ;
#1157 = PLANE ( 'NONE',  #246 ) ;
#1158 = ORIENTED_EDGE ( 'NONE', *, *, #815, .T. ) ;
#1159 = LINE ( 'NONE', #807, #191 ) ;
#1160 = ADVANCED_FACE ( 'NONE', ( #992, #880, #1513 ), #1389, .F. ) ;
#1161 = EDGE_LOOP ( 'NONE', ( #533, #1225, #1202, #1264 ) ) ;
#1162 = CARTESIAN_POINT ( 'NONE',  ( -4.000000000000000000, 1.312499999999990230, 2.375000000000000000 ) ) ;
#1163 = ORIENTED_EDGE ( 'NONE', *, *, #598, .F. ) ;
#1164 = VECTOR ( 'NONE', #565, 39.37007874015748143 ) ;
#1165 = FACE_OUTER_BOUND ( 'NONE', #287, .T. ) ;
#1166 = VECTOR ( 'NONE', #1065, 39.37007874015748143 ) ;
#1167 = CARTESIAN_POINT ( 'NONE',  ( 4.000039370078740220, 1.312500000000000000, -1.125000000000000000 ) ) ;
#1168 = DIRECTION ( 'NONE',  ( 0.000000000000000000, 0.000000000000000000, 1.000000000000000000 ) ) ;
#1169 = CARTESIAN_POINT ( 'NONE',  ( 4.000039370078740220, 1.312499999999990230, 2.375000000000000000 ) ) ;
#1170 = ORIENTED_EDGE ( 'NONE', *, *, #329, .T. ) ;
#1171 = LINE ( 'NONE', #675, #1507 ) ;
#1172 = ORIENTED_EDGE ( 'NONE', *, *, #1027, .T. ) ;
#1173 = CARTESIAN_POINT ( 'NONE',  ( 3.875000000000000444, 0.4999999999999805156, 1.250000000000003331 ) ) ;
#1174 = CARTESIAN_POINT ( 'NONE',  ( -4.000000000000000000, 0.000000000000000000, 4.000000000000000000 ) ) ;
#1175 = EDGE_CURVE ( 'NONE', #261, #1228, #511, .T. ) ;
#1176 = DIRECTION ( 'NONE',  ( -0.000000000000000000, -1.000000000000000000, -0.000000000000000000 ) ) ;
#1177 = DIRECTION ( 'NONE',  ( 0.000000000000000000, 0.000000000000000000, 1.000000000000000000 ) ) ;
#1178 = ORIENTED_EDGE ( 'NONE', *, *, #553, .T. ) ;
#1179 = CARTESIAN_POINT ( 'NONE',  ( -4.000000000000000000, 1.312499999999990230, 1.375000000000000000 ) ) ;
#1180 = CIRCLE ( 'NONE', #107, 0.1875000000000077716 ) ;
#1181 = ORIENTED_EDGE ( 'NONE', *, *, #787, .T. ) ;
#1182 = EDGE_CURVE ( 'NONE', #915, #891, #1246, .T. ) ;
#1183 = CARTESIAN_POINT ( 'NONE',  ( -4.000000000000000000, 0.000000000000000000, -4.000000000000000000 ) ) ;
#1184 = DIRECTION ( 'NONE',  ( 1.000000000000000000, 0.000000000000000000, -0.000000000000000000 ) ) ;
#1185 = CARTESIAN_POINT ( 'NONE',  ( 3.875000000000000444, 0.1250000000000004441, -1.249999999999999556 ) ) ;
#1186 = DIRECTION ( 'NONE',  ( 0.000000000000000000, 0.000000000000000000, -1.000000000000000000 ) ) ;
#1187 = ORIENTED_EDGE ( 'NONE', *, *, #1496, .T. ) ;
#1188 = LINE ( 'NONE', #550, #1140 ) ;
#1189 = EDGE_CURVE ( 'NONE', #168, #1135, #886, .T. ) ;
#1190 = CIRCLE ( 'NONE', #115, 0.1249999999999999584 ) ;
#1191 = VERTEX_POINT ( 'NONE', #1145 ) ;
#1192 = AXIS2_PLACEMENT_3D ( 'NONE', #968, #570, #215 ) ;
#1193 = CARTESIAN_POINT ( 'NONE',  ( -4.000000000000000000, 1.312499999999991340, -1.375000000000000000 ) ) ;
#1194 = LINE ( 'NONE', #1333, #244 ) ;
#1195 = VECTOR ( 'NONE', #313, 39.37007874015748143 ) ;
#1196 = PLANE ( 'NONE',  #1243 ) ;
#1197 = CARTESIAN_POINT ( 'NONE',  ( 3.875000000000000444, 0.8750000000000006661, -1.250000000000000000 ) ) ;
#1198 = CIRCLE ( 'NONE', #1618, 0.1249999999999999029 ) ;
#1199 = ORIENTED_EDGE ( 'NONE', *, *, #1380, .T. ) ;
#1200 = CARTESIAN_POINT ( 'NONE',  ( 4.000000000000000000, 3.000000000000000444, 4.000000000000000000 ) ) ;
#1201 = ADVANCED_FACE ( 'NONE', ( #13 ), #515, .F. ) ;
#1202 = ORIENTED_EDGE ( 'NONE', *, *, #336, .F. ) ;
#1203 = FACE_OUTER_BOUND ( 'NONE', #663, .T. ) ;
#1204 = LINE ( 'NONE', #574, #1121 ) ;
#1205 = PLANE ( 'NONE',  #1401 ) ;
#1206 = VERTEX_POINT ( 'NONE', #619 ) ;
#1207 = EDGE_CURVE ( 'NONE', #1352, #247, #393, .T. ) ;
#1208 = CARTESIAN_POINT ( 'NONE',  ( 4.000000000000000000, 0.8750000000000006661, 4.000000000000000000 ) ) ;
#1209 = VECTOR ( 'NONE', #908, 39.37007874015748143 ) ;
#1210 = EDGE_LOOP ( 'NONE', ( #881, #587, #1606, #1178 ) ) ;
#1211 = CARTESIAN_POINT ( 'NONE',  ( -3.874999999999999556, 0.1250000000000004441, -3.874999999999999556 ) ) ;
#1212 = CARTESIAN_POINT ( 'NONE',  ( 4.000000000000000000, 3.000000000000000888, -0.5000000000000001110 ) ) ;
#1213 = DIRECTION ( 'NONE',  ( -1.000000000000000000, 0.000000000000000000, 0.000000000000000000 ) ) ;
#1214 = DIRECTION ( 'NONE',  ( 0.000000000000000000, -0.000000000000000000, -1.000000000000000000 ) ) ;
#1215 = CC_DESIGN_PERSON_AND_ORGANIZATION_ASSIGNMENT ( #449, #1110, ( #414 ) ) ;
#1216 = ORIENTED_EDGE ( 'NONE', *, *, #1434, .T. ) ;
#1217 = LINE ( 'NONE', #357, #349 ) ;
#1218 = ORIENTED_EDGE ( 'NONE', *, *, #283, .F. ) ;
#1219 = DATE_AND_TIME ( #714, #864 ) ;
#1220 = CARTESIAN_POINT ( 'NONE',  ( 3.875000000000000444, 3.000000000000000444, 3.875000000000000000 ) ) ;
#1221 = CARTESIAN_POINT ( 'NONE',  ( -4.000000000000000000, 1.687500000000000000, -1.125000000000000000 ) ) ;
#1222 = AXIS2_PLACEMENT_3D ( 'NONE', #826, #184, #1579 ) ;
#1223 = CARTESIAN_POINT ( 'NONE',  ( 3.875000000000000444, 0.1250000000000004441, 3.875000000000000000 ) ) ;
#1224 = VECTOR ( 'NONE', #1103, 39.37007874015748143 ) ;
#1225 = ORIENTED_EDGE ( 'NONE', *, *, #506, .F. ) ;
#1226 = AXIS2_PLACEMENT_3D ( 'NONE', #1021, #1263, #660 ) ;
#1227 = DIRECTION ( 'NONE',  ( -1.000000000000000000, 0.000000000000000000, 0.000000000000000000 ) ) ;
#1228 = VERTEX_POINT ( 'NONE', #796 ) ;
#1229 = CARTESIAN_POINT ( 'NONE',  ( 3.875000000000000444, 0.4999999999999805156, 1.250000000000003331 ) ) ;
#1230 = LINE ( 'NONE', #1134, #1452 ) ;
#1231 = ADVANCED_FACE ( 'NONE', ( #777 ), #772, .F. ) ;
#1232 = ORIENTED_EDGE ( 'NONE', *, *, #1027, .F. ) ;
#1233 = DIRECTION ( 'NONE',  ( 0.000000000000000000, -1.000000000000000000, 9.106159978880877395E-17 ) ) ;
#1234 = ORIENTED_EDGE ( 'NONE', *, *, #387, .T. ) ;
#1235 = COORDINATED_UNIVERSAL_TIME_OFFSET ( 8, 0, .BEHIND. ) ;
#1236 = CARTESIAN_POINT ( 'NONE',  ( 3.875000000000000444, 0.4999999999999805156, 2.250000000000003109 ) ) ;
#1237 = EDGE_CURVE ( 'NONE', #1352, #852, #48, .T. ) ;
#1238 = DIRECTION ( 'NONE',  ( 0.000000000000000000, -1.000000000000000000, 0.000000000000000000 ) ) ;
#1239 = VERTEX_POINT ( 'NONE', #522 ) ;
#1240 = DIRECTION ( 'NONE',  ( 0.000000000000000000, 0.000000000000000000, 1.000000000000000000 ) ) ;
#1241 = ORIENTED_EDGE ( 'NONE', *, *, #1275, .T. ) ;
#1242 = CARTESIAN_POINT ( 'NONE',  ( 4.000000000000000000, 0.4999999999999805156, 1.562499999999995337 ) ) ;
#1243 = AXIS2_PLACEMENT_3D ( 'NONE', #468, #973, #566 ) ;
#1244 = CARTESIAN_POINT ( 'NONE',  ( -3.874999999999999556, 1.687499999999990230, 2.375000000000000000 ) ) ;
#1245 = ORIENTED_EDGE ( 'NONE', *, *, #1299, .F. ) ;
#1246 = LINE ( 'NONE', #120, #1601 ) ;
#1247 = EDGE_LOOP ( 'NONE', ( #1408, #549, #144, #1280 ) ) ;
#1248 = VECTOR ( 'NONE', #1176, 39.37007874015748143 ) ;
#1249 = DIRECTION ( 'NONE',  ( -0.000000000000000000, -0.000000000000000000, -1.000000000000000000 ) ) ;
#1250 = DIRECTION ( 'NONE',  ( 0.000000000000000000, 1.000000000000000000, 9.106159978880871232E-17 ) ) ;
#1251 = EDGE_LOOP ( 'NONE', ( #527, #1627, #747, #846 ) ) ;
#1252 = CARTESIAN_POINT ( 'NONE',  ( 3.875000000000000444, 0.8750000000000006661, -0.4999999999999999445 ) ) ;
#1253 = EDGE_CURVE ( 'NONE', #332, #685, #770, .T. ) ;
#1254 = ORIENTED_EDGE ( 'NONE', *, *, #1619, .T. ) ;
#1255 = DIRECTION ( 'NONE',  ( -1.000000000000000000, 0.000000000000000000, 0.000000000000000000 ) ) ;
#1256 = VECTOR ( 'NONE', #278, 39.37007874015748143 ) ;
#1257 = EDGE_LOOP ( 'NONE', ( #839, #1071, #1422, #292 ) ) ;
#1258 = LINE ( 'NONE', #1131, #1387 ) ;
#1259 = ADVANCED_FACE ( 'NONE', ( #38 ), #1528, .F. ) ;
#1260 = ORIENTED_EDGE ( 'NONE', *, *, #1141, .F. ) ;
#1261 = EDGE_CURVE ( 'NONE', #133, #1106, #1042, .T. ) ;
#1262 = ORIENTED_EDGE ( 'NONE', *, *, #1141, .T. ) ;
#1263 = DIRECTION ( 'NONE',  ( 0.000000000000000000, 0.000000000000000000, -1.000000000000000000 ) ) ;
#1264 = ORIENTED_EDGE ( 'NONE', *, *, #815, .F. ) ;
#1265 = DIRECTION ( 'NONE',  ( -1.000000000000000000, 0.000000000000000000, -0.000000000000000000 ) ) ;
#1266 = CIRCLE ( 'NONE', #389, 0.1875000000000077716 ) ;
#1267 = VERTEX_POINT ( 'NONE', #1546 ) ;
#1268 = AXIS2_PLACEMENT_3D ( 'NONE', #1223, #817, #212 ) ;
#1269 = PLANE ( 'NONE',  #1226 ) ;
#1270 = DIRECTION ( 'NONE',  ( -1.000000000000000000, 0.000000000000000000, 0.000000000000000000 ) ) ;
#1271 = DIRECTION ( 'NONE',  ( 0.000000000000000000, -0.000000000000000000, -1.000000000000000000 ) ) ;
#1272 = ORIENTED_EDGE ( 'NONE', *, *, #1399, .F. ) ;
#1273 = CARTESIAN_POINT ( 'NONE',  ( 4.000039370078740220, 1.312500000000000000, -1.125000000000000000 ) ) ;
#1274 = ORIENTED_EDGE ( 'NONE', *, *, #561, .T. ) ;
#1275 = EDGE_CURVE ( 'NONE', #596, #1577, #1159, .T. ) ;
#1276 = CARTESIAN_POINT ( 'NONE',  ( -4.000000000000000000, 1.312500000000000000, -1.125000000000000000 ) ) ;
#1277 = VECTOR ( 'NONE', #183, 39.37007874015748143 ) ;
#1278 = VERTEX_POINT ( 'NONE', #1279 ) ;
#1279 = CARTESIAN_POINT ( 'NONE',  ( -3.874999999999999556, 1.687499999999990230, 1.375000000000000000 ) ) ;
#1280 = ORIENTED_EDGE ( 'NONE', *, *, #1182, .T. ) ;
#1281 = DIRECTION ( 'NONE',  ( 0.000000000000000000, 0.000000000000000000, 1.000000000000000000 ) ) ;
#1282 = ORIENTED_EDGE ( 'NONE', *, *, #358, .T. ) ;
#1283 = FACE_BOUND ( 'NONE', #187, .T. ) ;
#1284 = LINE ( 'NONE', #1418, #375 ) ;
#1285 = FACE_OUTER_BOUND ( 'NONE', #456, .T. ) ;
#1286 = CARTESIAN_POINT ( 'NONE',  ( 4.000000000000000000, 0.4999999999999805156, 2.062499999999995115 ) ) ;
#1287 = ORIENTED_EDGE ( 'NONE', *, *, #384, .F. ) ;
#1288 = CARTESIAN_POINT ( 'NONE',  ( 4.000000472440944144, 0.4999999999999805156, 1.437500000000011102 ) ) ;
#1289 = ORIENTED_EDGE ( 'NONE', *, *, #1573, .T. ) ;
#1290 = AXIS2_PLACEMENT_3D ( 'NONE', #1084, #318, #1342 ) ;
#1291 = VECTOR ( 'NONE', #1435, 39.37007874015748143 ) ;
#1292 = CARTESIAN_POINT ( 'NONE',  ( -3.874999999999999556, 1.687500000000000000, -0.1250000000000000278 ) ) ;
#1293 = VECTOR ( 'NONE', #1525, 39.37007874015748143 ) ;
#1294 = CARTESIAN_POINT ( 'NONE',  ( 3.875000000000000444, 0.8750000000000006661, -0.4999999999999999445 ) ) ;
#1295 = CARTESIAN_POINT ( 'NONE',  ( 0.000000000000000000, 1.500000000000000666, -3.874999999999999556 ) ) ;
#1296 = PRODUCT ( 'Box', 'Box', '', ( #707 ) ) ;
#1297 = CARTESIAN_POINT ( 'NONE',  ( 0.000000000000000000, 0.000000000000000000, 0.000000000000000000 ) ) ;
#1298 = VERTEX_POINT ( 'NONE', #1033 ) ;
#1299 = EDGE_CURVE ( 'NONE', #168, #271, #140, .T. ) ;
#1300 = DIRECTION ( 'NONE',  ( -1.000000000000000000, 0.000000000000000000, 0.000000000000000000 ) ) ;
#1301 = EDGE_LOOP ( 'NONE', ( #1254, #633, #844, #904, #941, #279, #463, #1414 ) ) ;
#1302 = CARTESIAN_POINT ( 'NONE',  ( -2.499999999999999112, 1.312500000000000000, -4.000000000000000000 ) ) ;
#1303 = CARTESIAN_POINT ( 'NONE',  ( 3.875000000000000444, 0.4999999999999805156, 1.750000000000003109 ) ) ;
#1304 = FACE_OUTER_BOUND ( 'NONE', #1028, .T. ) ;
#1305 = CC_DESIGN_APPROVAL ( #159, ( #1036 ) ) ;
#1306 = DIRECTION ( 'NONE',  ( 1.000000000000000000, 0.000000000000000000, 0.000000000000000000 ) ) ;
#1307 = ORIENTED_EDGE ( 'NONE', *, *, #1434, .F. ) ;
#1308 = CARTESIAN_POINT ( 'NONE',  ( -1.499999999999999334, 1.312500000000000000, -4.000000000000000000 ) ) ;
#1309 = VECTOR ( 'NONE', #632, 39.37007874015748143 ) ;
#1310 = EDGE_LOOP ( 'NONE', ( #123, #1485 ) ) ;
#1311 = ADVANCED_FACE ( 'NONE', ( #1060 ), #27, .F. ) ;
#1312 = FACE_BOUND ( 'NONE', #799, .T. ) ;
#1313 = DIRECTION ( 'NONE',  ( -0.000000000000000000, -0.000000000000000000, -1.000000000000000000 ) ) ;
#1314 = EDGE_CURVE ( 'NONE', #1420, #51, #1441, .T. ) ;
#1315 = LINE ( 'NONE', #1596, #901 ) ;
#1316 = CARTESIAN_POINT ( 'NONE',  ( -2.499999999999999112, 1.312500000000000000, -4.000000000000000000 ) ) ;
#1317 = ORIENTED_EDGE ( 'NONE', *, *, #887, .F. ) ;
#1318 = LINE ( 'NONE', #59, #265 ) ;
#1319 = VECTOR ( 'NONE', #1326, 39.37007874015748143 ) ;
#1320 = ORIENTED_EDGE ( 'NONE', *, *, #1522, .T. ) ;
#1321 = VECTOR ( 'NONE', #602, 39.37007874015748143 ) ;
#1322 = APPROVAL_ROLE ( '' ) ;
#1323 = DIRECTION ( 'NONE',  ( -0.000000000000000000, -1.000000000000000000, -0.000000000000000000 ) ) ;
#1324 = ADVANCED_FACE ( 'NONE', ( #1405 ), #1537, .F. ) ;
#1325 = AXIS2_PLACEMENT_3D ( 'NONE', #912, #1306, #923 ) ;
#1326 = DIRECTION ( 'NONE',  ( 0.000000000000000000, 1.000000000000000000, 0.000000000000000000 ) ) ;
#1327 = PLANE ( 'NONE',  #1362 ) ;
#1328 = VECTOR ( 'NONE', #461, 39.37007874015748143 ) ;
#1329 = VERTEX_POINT ( 'NONE', #1421 ) ;
#1330 = CYLINDRICAL_SURFACE ( 'NONE', #1192, 0.1875000000000077716 ) ;
#1331 = EDGE_LOOP ( 'NONE', ( #157, #1150, #957, #551 ) ) ;
#1332 = CARTESIAN_POINT ( 'NONE',  ( 0.000000000000000000, 0.000000000000000000, 0.000000000000000000 ) ) ;
#1333 = CARTESIAN_POINT ( 'NONE',  ( -1.499999999999999334, 1.687500000000000000, 4.000039370078740220 ) ) ;
#1334 = EDGE_CURVE ( 'NONE', #1000, #922, #1413, .T. ) ;
#1335 = CARTESIAN_POINT ( 'NONE',  ( 4.000000000000000000, 0.8750000000000006661, -0.4999999999999999445 ) ) ;
#1336 = FACE_BOUND ( 'NONE', #411, .T. ) ;
#1337 = ORIENTED_EDGE ( 'NONE', *, *, #213, .F. ) ;
#1338 = LINE ( 'NONE', #977, #850 ) ;
#1339 = CC_DESIGN_SECURITY_CLASSIFICATION ( #599, ( #414 ) ) ;
#1340 = ORIENTED_EDGE ( 'NONE', *, *, #3, .T. ) ;
#1341 = COORDINATED_UNIVERSAL_TIME_OFFSET ( 8, 0, .BEHIND. ) ;
#1342 = DIRECTION ( 'NONE',  ( -1.000000000000000000, 0.000000000000000000, 0.000000000000000000 ) ) ;
#1343 = PLANE ( 'NONE',  #194 ) ;
#1344 = FACE_BOUND ( 'NONE', #889, .T. ) ;
#1345 = ORIENTED_EDGE ( 'NONE', *, *, #1093, .T. ) ;
#1346 = FACE_OUTER_BOUND ( 'NONE', #723, .T. ) ;
#1347 = ORIENTED_EDGE ( 'NONE', *, *, #1437, .F. ) ;
#1348 = ADVANCED_FACE ( 'NONE', ( #293 ), #18, .T. ) ;
#1349 = DIRECTION ( 'NONE',  ( 1.000000000000000000, -0.000000000000000000, -0.000000000000000000 ) ) ;
#1350 = DIRECTION ( 'NONE',  ( 0.000000000000000000, 9.106159978880877395E-17, -1.000000000000000000 ) ) ;
#1351 = VECTOR ( 'NONE', #1469, 39.37007874015748143 ) ;
#1352 = VERTEX_POINT ( 'NONE', #1286 ) ;
#1353 = CARTESIAN_POINT ( 'NONE',  ( -1.499999999999999334, 1.312500000000000000, -3.874999999999999556 ) ) ;
#1354 = EDGE_CURVE ( 'NONE', #1600, #1490, #177, .T. ) ;
#1355 = ORIENTED_EDGE ( 'NONE', *, *, #300, .F. ) ;
#1356 = APPROVAL_DATE_TIME ( #1219, #159 ) ;
#1357 = CARTESIAN_POINT ( 'NONE',  ( -4.000000000000000000, 1.312500000000000000, -0.1250000000000000000 ) ) ;
#1358 = DIRECTION ( 'NONE',  ( 1.000000000000000000, -0.000000000000000000, -0.000000000000000000 ) ) ;
#1359 = EDGE_LOOP ( 'NONE', ( #342, #986 ) ) ;
#1360 = DIRECTION ( 'NONE',  ( -1.000000000000000000, 0.000000000000000000, 0.000000000000000000 ) ) ;
#1361 = ORIENTED_EDGE ( 'NONE', *, *, #736, .T. ) ;
#1362 = AXIS2_PLACEMENT_3D ( 'NONE', #82, #76, #452 ) ;
#1363 = CARTESIAN_POINT ( 'NONE',  ( 4.000039370078740220, 1.687499999999991118, -1.375000000000000000 ) ) ;
#1364 = CARTESIAN_POINT ( 'NONE',  ( -1.499999999999999334, 1.687500000000000000, -4.000000000000000000 ) ) ;
#1365 = EDGE_CURVE ( 'NONE', #214, #314, #47, .T. ) ;
#1366 = ORIENTED_EDGE ( 'NONE', *, *, #1314, .T. ) ;
#1367 = CARTESIAN_POINT ( 'NONE',  ( -2.499999999999999112, 1.312500000000000000, -3.874999999999999556 ) ) ;
#1368 = ORIENTED_EDGE ( 'NONE', *, *, #65, .F. ) ;
#1369 = CARTESIAN_POINT ( 'NONE',  ( -3.874999999999999556, 1.687499999999998890, 0.1250000000000000278 ) ) ;
#1370 = ADVANCED_FACE ( 'NONE', ( #673 ), #548, .F. ) ;
#1371 = CARTESIAN_POINT ( 'NONE',  ( -3.874999999999999556, 1.312500000000000000, -0.1250000000000000000 ) ) ;
#1372 = ADVANCED_FACE ( 'NONE', ( #1336, #1087, #1344, #956, #1457, #966 ), #717, .F. ) ;
#1373 = CIRCLE ( 'NONE', #1290, 0.1249999999999999584 ) ;
#1374 = ORIENTED_EDGE ( 'NONE', *, *, #478, .F. ) ;
#1375 = DIRECTION ( 'NONE',  ( 0.000000000000000000, 0.000000000000000000, -1.000000000000000000 ) ) ;
#1376 = VECTOR ( 'NONE', #395, 39.37007874015748143 ) ;
#1377 = CIRCLE ( 'NONE', #1588, 0.1875000000000077716 ) ;
#1378 = ORIENTED_EDGE ( 'NONE', *, *, #1261, .T. ) ;
#1379 = LINE ( 'NONE', #1364, #953 ) ;
#1380 = EDGE_CURVE ( 'NONE', #69, #427, #204, .T. ) ;
#1381 = ORIENTED_EDGE ( 'NONE', *, *, #753, .F. ) ;
#1382 = DIRECTION ( 'NONE',  ( 0.000000000000000000, -1.000000000000000000, 0.000000000000000000 ) ) ;
#1383 = ADVANCED_FACE ( 'NONE', ( #575 ), #338, .F. ) ;
#1384 = ORIENTED_EDGE ( 'NONE', *, *, #1133, .F. ) ;
#1385 = DATE_AND_TIME ( #492, #624 ) ;
#1386 = DIRECTION ( 'NONE',  ( -1.000000000000000000, 0.000000000000000000, 0.000000000000000000 ) ) ;
#1387 = VECTOR ( 'NONE', #1240, 39.37007874015748143 ) ;
#1388 = ORIENTED_EDGE ( 'NONE', *, *, #592, .T. ) ;
#1389 = PLANE ( 'NONE',  #888 ) ;
#1390 = EDGE_LOOP ( 'NONE', ( #258, #125, #83, #861 ) ) ;
#1391 = ADVANCED_FACE ( 'NONE', ( #93 ), #1205, .F. ) ;
#1392 = CARTESIAN_POINT ( 'NONE',  ( 4.000039370078740220, 1.312499999999998890, 1.125000000000000000 ) ) ;
#1393 = AXIS2_PLACEMENT_3D ( 'NONE', #250, #607, #757 ) ;
#1394 = PLANE ( 'NONE',  #272 ) ;
#1395 = DIRECTION ( 'NONE',  ( -1.000000000000000000, 0.000000000000000000, 0.000000000000000000 ) ) ;
#1396 = VECTOR ( 'NONE', #341, 39.37007874015748143 ) ;
#1397 = VERTEX_POINT ( 'NONE', #1077 ) ;
#1398 = PLANE ( 'NONE',  #722 ) ;
#1399 = EDGE_CURVE ( 'NONE', #1329, #1430, #1472, .T. ) ;
#1400 = EDGE_CURVE ( 'NONE', #1430, #612, #444, .T. ) ;
#1401 = AXIS2_PLACEMENT_3D ( 'NONE', #346, #974, #68 ) ;
#1402 = VERTEX_POINT ( 'NONE', #593 ) ;
#1403 = FACE_OUTER_BOUND ( 'NONE', #1584, .T. ) ;
#1404 = ORIENTED_EDGE ( 'NONE', *, *, #519, .T. ) ;
#1405 = FACE_OUTER_BOUND ( 'NONE', #1054, .T. ) ;
#1406 = ORIENTED_EDGE ( 'NONE', *, *, #1020, .F. ) ;
#1407 = CARTESIAN_POINT ( 'NONE',  ( -3.874999999999999556, 1.687499999999998890, 1.125000000000000000 ) ) ;
#1408 = ORIENTED_EDGE ( 'NONE', *, *, #650, .T. ) ;
#1409 = CARTESIAN_POINT ( 'NONE',  ( -3.874999999999999556, 1.312499999999991340, -2.375000000000000000 ) ) ;
#1410 = FACE_OUTER_BOUND ( 'NONE', #683, .T. ) ;
#1411 = CC_DESIGN_APPROVAL ( #869, ( #414 ) ) ;
#1412 = DIRECTION ( 'NONE',  ( 0.000000000000000000, -0.000000000000000000, -1.000000000000000000 ) ) ;
#1413 = LINE ( 'NONE', #1431, #354 ) ;
#1414 = ORIENTED_EDGE ( 'NONE', *, *, #857, .T. ) ;
#1415 = DIRECTION ( 'NONE',  ( 1.000000000000000000, -0.000000000000000000, -0.000000000000000000 ) ) ;
#1416 = ORIENTED_EDGE ( 'NONE', *, *, #1207, .F. ) ;
#1417 = DIRECTION ( 'NONE',  ( -0.000000000000000000, -0.000000000000000000, 1.000000000000000000 ) ) ;
#1418 = CARTESIAN_POINT ( 'NONE',  ( -4.000000000000000000, 1.687499999999991118, -2.375000000000000000 ) ) ;
#1419 = EDGE_CURVE ( 'NONE', #1467, #1206, #1590, .T. ) ;
#1420 = VERTEX_POINT ( 'NONE', #186 ) ;
#1421 = CARTESIAN_POINT ( 'NONE',  ( 3.875000000000000444, 0.1250000000000004441, -3.874999999999999556 ) ) ;
#1422 = ORIENTED_EDGE ( 'NONE', *, *, #1419, .F. ) ;
#1423 = DIRECTION ( 'NONE',  ( -0.000000000000000000, 1.000000000000000000, 0.000000000000000000 ) ) ;
#1424 = ORIENTED_EDGE ( 'NONE', *, *, #1496, .F. ) ;
#1425 = CIRCLE ( 'NONE', #793, 0.1249999999999999029 ) ;
#1426 = VECTOR ( 'NONE', #905, 39.37007874015748143 ) ;
#1427 = LINE ( 'NONE', #1409, #1070 ) ;
#1428 = VECTOR ( 'NONE', #11, 39.37007874015748143 ) ;
#1429 = CARTESIAN_POINT ( 'NONE',  ( 3.875000000000000444, 2.500000000000000000, 3.500000000000000000 ) ) ;
#1430 = VERTEX_POINT ( 'NONE', #462 ) ;
#1431 = CARTESIAN_POINT ( 'NONE',  ( 4.000000472440944144, 0.4999999999999805156, 2.937500000000011102 ) ) ;
#1432 = EDGE_CURVE ( 'NONE', #305, #535, #1572, .T. ) ;
#1433 = VERTEX_POINT ( 'NONE', #1581 ) ;
#1434 = EDGE_CURVE ( 'NONE', #501, #669, #710, .T. ) ;
#1435 = DIRECTION ( 'NONE',  ( -1.000000000000000000, 0.000000000000000000, 0.000000000000000000 ) ) ;
#1436 = ORIENTED_EDGE ( 'NONE', *, *, #1380, .F. ) ;
#1437 = EDGE_CURVE ( 'NONE', #427, #895, #703, .T. ) ;
#1438 = LINE ( 'NONE', #1183, #647 ) ;
#1439 = DIRECTION ( 'NONE',  ( -0.000000000000000000, -1.000000000000000000, -0.000000000000000000 ) ) ;
#1440 = DIRECTION ( 'NONE',  ( -1.000000000000000000, 0.000000000000000000, -0.000000000000000000 ) ) ;
#1441 = LINE ( 'NONE', #940, #270 ) ;
#1442 = ORIENTED_EDGE ( 'NONE', *, *, #1488, .F. ) ;
#1443 = FACE_BOUND ( 'NONE', #1450, .T. ) ;
#1444 = ORIENTED_EDGE ( 'NONE', *, *, #66, .T. ) ;
#1445 = ADVANCED_FACE ( 'NONE', ( #567 ), #1327, .F. ) ;
#1446 = DIRECTION ( 'NONE',  ( -1.000000000000000000, 0.000000000000000000, 0.000000000000000000 ) ) ;
#1447 = CARTESIAN_POINT ( 'NONE',  ( -4.000000000000000000, 3.000000000000000444, -4.000000000000000000 ) ) ;
#1448 = DIRECTION ( 'NONE',  ( -1.000000000000000000, -0.000000000000000000, -0.000000000000000000 ) ) ;
#1449 = DIRECTION ( 'NONE',  ( -1.000000000000000000, -0.000000000000000000, -0.000000000000000000 ) ) ;
#1450 = EDGE_LOOP ( 'NONE', ( #77, #994 ) ) ;
#1451 = CARTESIAN_POINT ( 'NONE',  ( 4.000000472440944144, 0.8750000000000006661, -1.250000000000000000 ) ) ;
#1452 = VECTOR ( 'NONE', #990, 39.37007874015748143 ) ;
#1453 = ORIENTED_EDGE ( 'NONE', *, *, #1253, .T. ) ;
#1454 = CC_DESIGN_DATE_AND_TIME_ASSIGNMENT ( #1385, #1013, ( #599 ) ) ;
#1455 = CARTESIAN_POINT ( 'NONE',  ( -3.874999999999999556, 3.000000000000000444, -3.874999999999999556 ) ) ;
#1456 = CARTESIAN_POINT ( 'NONE',  ( -3.874999999999999556, 0.1250000000000004441, 3.875000000000000000 ) ) ;
#1457 = FACE_OUTER_BOUND ( 'NONE', #1523, .T. ) ;
#1458 = CIRCLE ( 'NONE', #697, 0.1875000000000077716 ) ;
#1459 = ORIENTED_EDGE ( 'NONE', *, *, #3, .F. ) ;
#1460 = DIRECTION ( 'NONE',  ( 0.000000000000000000, -0.000000000000000000, 1.000000000000000000 ) ) ;
#1461 = VERTEX_POINT ( 'NONE', #582 ) ;
#1462 = PLANE ( 'NONE',  #371 ) ;
#1463 = FACE_BOUND ( 'NONE', #969, .T. ) ;
#1464 = CARTESIAN_POINT ( 'NONE',  ( 4.000000472440944144, 0.8750000000000006661, -0.4999999999999999445 ) ) ;
#1465 = ORIENTED_EDGE ( 'NONE', *, *, #336, .T. ) ;
#1466 = CARTESIAN_POINT ( 'NONE',  ( -4.000000000000000000, 1.312500000000000000, -0.1249999999999997363 ) ) ;
#1467 = VERTEX_POINT ( 'NONE', #1302 ) ;
#1468 = VECTOR ( 'NONE', #759, 39.37007874015748143 ) ;
#1469 = DIRECTION ( 'NONE',  ( -0.000000000000000000, 1.000000000000000000, 0.000000000000000000 ) ) ;
#1470 = CARTESIAN_POINT ( 'NONE',  ( 4.000000472440944144, 0.4999999999999805156, 2.437500000000010658 ) ) ;
#1471 = PRODUCT_DEFINITION_SHAPE ( 'NONE', 'NONE',  #1036 ) ;
#1472 = LINE ( 'NONE', #836, #1195 ) ;
#1473 = EDGE_CURVE ( 'NONE', #1514, #1101, #1427, .T. ) ;
#1474 = EDGE_LOOP ( 'NONE', ( #517, #5, #1262, #359 ) ) ;
#1475 = LINE ( 'NONE', #595, #983 ) ;
#1476 = VERTEX_POINT ( 'NONE', #282 ) ;
#1477 = APPROVAL_STATUS ( 'not_yet_approved' ) ;
#1478 = FACE_OUTER_BOUND ( 'NONE', #1251, .T. ) ;
#1479 = AXIS2_PLACEMENT_3D ( 'NONE', #471, #830, #1460 ) ;
#1480 = EDGE_CURVE ( 'NONE', #756, #1267, #1560, .T. ) ;
#1481 = CARTESIAN_POINT ( 'NONE',  ( 4.000000000000000000, 0.4999999999999805156, 1.250000000000003331 ) ) ;
#1482 = VECTOR ( 'NONE', #948, 39.37007874015748143 ) ;
#1483 = VERTEX_POINT ( 'NONE', #529 ) ;
#1484 = DIRECTION ( 'NONE',  ( 0.000000000000000000, 0.000000000000000000, -1.000000000000000000 ) ) ;
#1485 = ORIENTED_EDGE ( 'NONE', *, *, #682, .F. ) ;
#1486 = APPLICATION_PROTOCOL_DEFINITION ( 'international standard', 'config_control_design', 1994, #490 ) ;
#1487 = LINE ( 'NONE', #137, #1587 ) ;
#1488 = EDGE_CURVE ( 'NONE', #1101, #1559, #918, .T. ) ;
#1489 = DIRECTION ( 'NONE',  ( -0.000000000000000000, -0.000000000000000000, -1.000000000000000000 ) ) ;
#1490 = VERTEX_POINT ( 'NONE', #301 ) ;
#1491 = DIRECTION ( 'NONE',  ( 0.000000000000000000, 0.000000000000000000, 1.000000000000000000 ) ) ;
#1492 = ORIENTED_EDGE ( 'NONE', *, *, #1400, .F. ) ;
#1493 = VECTOR ( 'NONE', #1446, 39.37007874015748143 ) ;
#1494 = CALENDAR_DATE ( 2026, 19, 4 ) ;
#1495 = CARTESIAN_POINT ( 'NONE',  ( -4.000000000000000000, 0.000000000000000000, -4.000000000000000000 ) ) ;
#1496 = EDGE_CURVE ( 'NONE', #773, #1191, #803, .T. ) ;
#1497 = CARTESIAN_POINT ( 'NONE',  ( -0.1249999999999999584, 1.500000000000000666, -4.000000000000000000 ) ) ;
#1498 = EDGE_CURVE ( 'NONE', #895, #106, #23, .T. ) ;
#1499 = VERTEX_POINT ( 'NONE', #1193 ) ;
#1500 = CARTESIAN_POINT ( 'NONE',  ( -3.874999999999999556, 3.000000000000000444, 3.875000000000000000 ) ) ;
#1501 = ORIENTED_EDGE ( 'NONE', *, *, #267, .T. ) ;
#1502 = CC_DESIGN_DATE_AND_TIME_ASSIGNMENT ( #988, #87, ( #1036 ) ) ;
#1503 = LINE ( 'NONE', #2, #689 ) ;
#1504 = VECTOR ( 'NONE', #1323, 39.37007874015748143 ) ;
#1505 = ORIENTED_EDGE ( 'NONE', *, *, #448, .T. ) ;
#1506 = CARTESIAN_POINT ( 'NONE',  ( 3.875000000000000444, 0.4999999999999805156, 2.250000000000003109 ) ) ;
#1507 = VECTOR ( 'NONE', #943, 39.37007874015748143 ) ;
#1508 = VECTOR ( 'NONE', #546, 39.37007874015748143 ) ;
#1509 = ORIENTED_EDGE ( 'NONE', *, *, #784, .T. ) ;
#1510 = SECURITY_CLASSIFICATION_LEVEL ( 'unclassified' ) ;
#1511 = LINE ( 'NONE', #884, #824 ) ;
#1512 = EDGE_LOOP ( 'NONE', ( #571, #641 ) ) ;
#1513 = FACE_OUTER_BOUND ( 'NONE', #711, .T. ) ;
#1514 = VERTEX_POINT ( 'NONE', #62 ) ;
#1515 = EDGE_CURVE ( 'NONE', #1037, #465, #937, .T. ) ;
#1516 = APPROVAL_ROLE ( '' ) ;
#1517 = APPROVAL_PERSON_ORGANIZATION ( #255, #627, #1516 ) ;
#1518 = DIRECTION ( 'NONE',  ( -0.000000000000000000, 1.000000000000000000, -0.000000000000000000 ) ) ;
#1519 = CIRCLE ( 'NONE', #472, 0.1249999999999999584 ) ;
#1520 = CYLINDRICAL_SURFACE ( 'NONE', #960, 0.1875000000000077716 ) ;
#1521 = DIRECTION ( 'NONE',  ( 0.000000000000000000, 0.000000000000000000, 1.000000000000000000 ) ) ;
#1522 = EDGE_CURVE ( 'NONE', #1490, #677, #1438, .T. ) ;
#1523 = EDGE_LOOP ( 'NONE', ( #208, #1018, #114, #289, #1272, #1574, #14, #1347 ) ) ;
#1524 = DIRECTION ( 'NONE',  ( -1.000000000000000000, -0.000000000000000000, -0.000000000000000000 ) ) ;
#1525 = DIRECTION ( 'NONE',  ( 0.000000000000000000, 0.000000000000000000, 1.000000000000000000 ) ) ;
#1526 = VECTOR ( 'NONE', #1489, 39.37007874015748143 ) ;
#1527 = FACE_OUTER_BOUND ( 'NONE', #142, .T. ) ;
#1528 = CYLINDRICAL_SURFACE ( 'NONE', #1531, 0.1875000000000077716 ) ;
#1529 = ORIENTED_EDGE ( 'NONE', *, *, #1133, .T. ) ;
#1530 = FACE_BOUND ( 'NONE', #935, .T. ) ;
#1531 = AXIS2_PLACEMENT_3D ( 'NONE', #539, #401, #1177 ) ;
#1532 = EDGE_LOOP ( 'NONE', ( #1538, #1287, #1089, #1041 ) ) ;
#1533 = CLOSED_SHELL ( 'NONE', ( #1383, #1146, #993, #1259, #942, #1080, #921, #141, #1553, #381, #1567, #1348, #1372, #1370, #111, #1160, #41, #205, #762, #29, #1201, #964, #260, #43, #1231, #275, #1595, #1324, #576, #728, #629, #85, #667, #439, #821, #56, #396, #97, #1391, #555, #1311, #676, #907, #1445, #524, #1051 ) ) ;
#1534 = DIRECTION ( 'NONE',  ( 0.000000000000000000, -0.000000000000000000, -1.000000000000000000 ) ) ;
#1535 = DIRECTION ( 'NONE',  ( 0.000000000000000000, -0.000000000000000000, -1.000000000000000000 ) ) ;
#1536 = CARTESIAN_POINT ( 'NONE',  ( -4.000000000000000000, 3.000000000000000444, 4.000000000000000000 ) ) ;
#1537 = PLANE ( 'NONE',  #1325 ) ;
#1538 = ORIENTED_EDGE ( 'NONE', *, *, #1175, .F. ) ;
#1539 = DIRECTION ( 'NONE',  ( -0.000000000000000000, -1.000000000000000000, -0.000000000000000000 ) ) ;
#1540 = ORIENTED_EDGE ( 'NONE', *, *, #351, .F. ) ;
#1541 = EDGE_CURVE ( 'NONE', #612, #1106, #1064, .T. ) ;
#1542 = CARTESIAN_POINT ( 'NONE',  ( 3.875000000000000444, 0.1250000000000004441, -0.5000000000000001110 ) ) ;
#1543 = DIRECTION ( 'NONE',  ( 0.000000000000000000, 1.365923996832131363E-16, -1.000000000000000000 ) ) ;
#1544 = CIRCLE ( 'NONE', #778, 0.1875000000000077716 ) ;
#1545 = CARTESIAN_POINT ( 'NONE',  ( -3.874999999999999556, 1.687500000000000000, -1.125000000000000000 ) ) ;
#1546 = CARTESIAN_POINT ( 'NONE',  ( -4.000000000000000000, 1.312499999999998890, 1.125000000000000222 ) ) ;
#1547 = ORIENTED_EDGE ( 'NONE', *, *, #1189, .T. ) ;
#1548 = DIRECTION ( 'NONE',  ( -1.000000000000000000, 0.000000000000000000, 0.000000000000000000 ) ) ;
#1549 = ORIENTED_EDGE ( 'NONE', *, *, #1116, .F. ) ;
#1550 = DIRECTION ( 'NONE',  ( -1.000000000000000000, -0.000000000000000000, -0.000000000000000000 ) ) ;
#1551 = EDGE_CURVE ( 'NONE', #1000, #1037, #1544, .T. ) ;
#1552 = LINE ( 'NONE', #1149, #1007 ) ;
#1553 = ADVANCED_FACE ( 'NONE', ( #52, #1283, #927, #1312, #290 ), #1056, .F. ) ;
#1554 = CARTESIAN_POINT ( 'NONE',  ( -3.874999999999999556, 1.687500000000000000, -1.125000000000000000 ) ) ;
#1555 = CARTESIAN_POINT ( 'NONE',  ( 4.000000000000000000, 0.4999999999999805156, 2.250000000000003109 ) ) ;
#1556 = VERTEX_POINT ( 'NONE', #1292 ) ;
#1557 = CIRCLE ( 'NONE', #634, 0.1249999999999999029 ) ;
#1558 = DIRECTION ( 'NONE',  ( 0.000000000000000000, 0.000000000000000000, -1.000000000000000000 ) ) ;
#1559 = VERTEX_POINT ( 'NONE', #441 ) ;
#1560 = LINE ( 'NONE', #35, #1628 ) ;
#1561 = CARTESIAN_POINT ( 'NONE',  ( -4.000000000000000000, 1.687499999999990230, 2.375000000000000000 ) ) ;
#1562 = CARTESIAN_POINT ( 'NONE',  ( 4.000039370078740220, 1.312499999999990230, 1.375000000000000000 ) ) ;
#1563 = DIRECTION ( 'NONE',  ( -1.000000000000000000, 0.000000000000000000, 0.000000000000000000 ) ) ;
#1564 = EDGE_LOOP ( 'NONE', ( #559, #1068, #503, #1424 ) ) ;
#1565 = CARTESIAN_POINT ( 'NONE',  ( -4.000000000000000000, 3.000000000000000444, 4.000000000000000000 ) ) ;
#1566 = ORIENTED_EDGE ( 'NONE', *, *, #1175, .T. ) ;
#1567 = ADVANCED_FACE ( 'NONE', ( #146, #422 ), #945, .F. ) ;
#1568 = CARTESIAN_POINT ( 'NONE',  ( -4.000000000000000000, 3.000000000000000444, 4.000000000000000000 ) ) ;
#1569 = LINE ( 'NONE', #1447, #1504 ) ;
#1570 = LINE ( 'NONE', #692, #981 ) ;
#1571 = VECTOR ( 'NONE', #466, 39.37007874015748143 ) ;
#1572 = LINE ( 'NONE', #1597, #1482 ) ;
#1573 = EDGE_CURVE ( 'NONE', #1106, #181, #536, .T. ) ;
#1574 = ORIENTED_EDGE ( 'NONE', *, *, #319, .F. ) ;
#1575 = DIRECTION ( 'NONE',  ( -1.000000000000000000, 0.000000000000000000, 0.000000000000000000 ) ) ;
#1576 = VECTOR ( 'NONE', #962, 39.37007874015748143 ) ;
#1577 = VERTEX_POINT ( 'NONE', #1156 ) ;
#1578 = CARTESIAN_POINT ( 'NONE',  ( 4.000039370078740220, 1.687499999999998890, 1.125000000000000000 ) ) ;
#1579 = DIRECTION ( 'NONE',  ( -1.000000000000000000, 0.000000000000000000, -0.000000000000000000 ) ) ;
#1580 = CARTESIAN_POINT ( 'NONE',  ( 3.875000000000000444, 0.1250000000000004441, 3.875000000000000000 ) ) ;
#1581 = CARTESIAN_POINT ( 'NONE',  ( -1.499999999999999334, 1.687500000000000000, -3.874999999999999556 ) ) ;
#1582 = VERTEX_POINT ( 'NONE', #1542 ) ;
#1583 = DIRECTION ( 'NONE',  ( -1.000000000000000000, 0.000000000000000000, 0.000000000000000000 ) ) ;
#1584 = EDGE_LOOP ( 'NONE', ( #984, #837, #39, #820 ) ) ;
#1585 = CIRCLE ( 'NONE', #160, 0.1875000000000077716 ) ;
#1586 = LINE ( 'NONE', #1220, #219 ) ;
#1587 = VECTOR ( 'NONE', #1249, 39.37007874015748143 ) ;
#1588 = AXIS2_PLACEMENT_3D ( 'NONE', #671, #653, #1048 ) ;
#1589 = FACE_OUTER_BOUND ( 'NONE', #1078, .T. ) ;
#1590 = LINE ( 'NONE', #1316, #696 ) ;
#1591 = VERTEX_POINT ( 'NONE', #659 ) ;
#1592 = CARTESIAN_POINT ( 'NONE',  ( 3.875000000000000444, 0.4999999999999805156, 2.937500000000011102 ) ) ;
#1593 = ORIENTED_EDGE ( 'NONE', *, *, #131, .T. ) ;
#1594 = LINE ( 'NONE', #467, #1166 ) ;
#1595 = ADVANCED_FACE ( 'NONE', ( #1165 ), #1038, .F. ) ;
#1596 = CARTESIAN_POINT ( 'NONE',  ( 4.000000472440944144, 0.1250000000000000000, -1.250000000000000000 ) ) ;
#1597 = CARTESIAN_POINT ( 'NONE',  ( 4.000039370078740220, 1.687499999999990230, 2.375000000000000000 ) ) ;
#1598 = ORIENTED_EDGE ( 'NONE', *, *, #100, .F. ) ;
#1599 = PLANE ( 'NONE',  #1479 ) ;
#1600 = VERTEX_POINT ( 'NONE', #670 ) ;
#1601 = VECTOR ( 'NONE', #259, 39.37007874015748143 ) ;
#1602 = DIRECTION ( 'NONE',  ( -1.000000000000000000, -0.000000000000000000, -0.000000000000000000 ) ) ;
#1603 = EDGE_CURVE ( 'NONE', #241, #944, #572, .T. ) ;
#1604 = LINE ( 'NONE', #122, #1024 ) ;
#1605 = EDGE_CURVE ( 'NONE', #1329, #1298, #833, .T. ) ;
#1606 = ORIENTED_EDGE ( 'NONE', *, *, #797, .F. ) ;
#1607 = FACE_OUTER_BOUND ( 'NONE', #978, .T. ) ;
#1608 = ORIENTED_EDGE ( 'NONE', *, *, #1603, .F. ) ;
#1609 = EDGE_CURVE ( 'NONE', #764, #170, #459, .T. ) ;
#1610 = AXIS2_PLACEMENT_3D ( 'NONE', #355, #228, #1250 ) ;
#1611 = PERSON_AND_ORGANIZATION ( #1039, #362 ) ;
#1612 = CARTESIAN_POINT ( 'NONE',  ( 3.875000000000000444, 0.4999999999999805156, 1.562499999999995337 ) ) ;
#1613 = VECTOR ( 'NONE', #1233, 39.37007874015748143 ) ;
#1614 = DIRECTION ( 'NONE',  ( -1.000000000000000000, 0.000000000000000000, 0.000000000000000000 ) ) ;
#1615 = AXIS2_PLACEMENT_3D ( 'NONE', #55, #1186, #410 ) ;
#1616 = VERTEX_POINT ( 'NONE', #952 ) ;
#1617 = LINE ( 'NONE', #124, #603 ) ;
#1618 = AXIS2_PLACEMENT_3D ( 'NONE', #195, #185, #202 ) ;
#1619 = EDGE_CURVE ( 'NONE', #130, #1582, #352, .T. ) ;
#1620 = ORIENTED_EDGE ( 'NONE', *, *, #102, .F. ) ;
#1621 = PERSON_AND_ORGANIZATION_ROLE ( 'design_supplier' ) ;
#1622 = DIRECTION ( 'NONE',  ( -0.000000000000000000, -0.000000000000000000, -1.000000000000000000 ) ) ;
#1623 = DIRECTION ( 'NONE',  ( -0.000000000000000000, -0.000000000000000000, 1.000000000000000000 ) ) ;
#1624 = ORIENTED_EDGE ( 'NONE', *, *, #519, .F. ) ;
#1625 = CARTESIAN_POINT ( 'NONE',  ( 0.000000000000000000, 1.500000000000000666, -3.874999999999999556 ) ) ;
#1626 = CC_DESIGN_PERSON_AND_ORGANIZATION_ASSIGNMENT ( #483, #979, ( #1296 ) ) ;
#1627 = ORIENTED_EDGE ( 'NONE', *, *, #504, .T. ) ;
#1628 = VECTOR ( 'NONE', #432, 39.37007874015748143 ) ;
#1629 = UNCERTAINTY_MEASURE_WITH_UNIT (LENGTH_MEASURE( 1.000000000000000082E-05 ), #72, 'distance_accuracy_value', 'NONE');
#1630 = CARTESIAN_POINT ( 'NONE',  ( -3.874999999999999556, 1.312500000000000000, -1.125000000000000000 ) ) ;
#1631 = ORIENTED_EDGE ( 'NONE', *, *, #701, .F. ) ;
#1632 = DIRECTION ( 'NONE',  ( -0.000000000000000000, 1.000000000000000000, 9.106159978880868767E-17 ) ) ;
ENDSEC;
END-ISO-10303-21;
